Comunidades y Ciudades Autónomas;Tipo de equipamiento;periodo;Total
Andalucía;Viviendas con algún tipo de ordenador;2021;78,6
Andalucía;Viviendas con algún tipo de ordenador;2020;76,8
Andalucía;Viviendas con algún tipo de ordenador;2019;76,8
Andalucía;Viviendas con algún tipo de ordenador;2018;74,4
Andalucía;Viviendas con algún tipo de ordenador;2017;74,3
Andalucía;Viviendas con algún tipo de ordenador;2016;73,2
Andalucía;Viviendas con algún tipo de ordenador;2015;71,4
Andalucía;Viviendas con algún tipo de ordenador;2014;71,6
Andalucía;Viviendas con algún tipo de ordenador;2013;71,1
Andalucía;Viviendas con algún tipo de ordenador;2012;71,2
Andalucía;Viviendas con algún tipo de ordenador;2011;68,1
Andalucía;Viviendas con algún tipo de ordenador;2010;65,0
Andalucía;Viviendas con algún tipo de ordenador;2009;61,0
Andalucía;Viviendas con algún tipo de ordenador;2008;57,6
Andalucía;Viviendas con algún tipo de ordenador;2007;55,0
Andalucía;Viviendas con algún tipo de ordenador;2006;50,6
Andalucía;Viviendas que disponen de acceso a Internet;2021;94,5
Andalucía;Viviendas que disponen de acceso a Internet;2020;94,7
Andalucía;Viviendas que disponen de acceso a Internet;2019;89,7
Andalucía;Viviendas que disponen de acceso a Internet;2018;83,7
Andalucía;Viviendas que disponen de acceso a Internet;2017;81,7
Andalucía;Viviendas que disponen de acceso a Internet;2016;80,6
Andalucía;Viviendas que disponen de acceso a Internet;2015;76,4
Andalucía;Viviendas que disponen de acceso a Internet;2014;72,7
Andalucía;Viviendas que disponen de acceso a Internet;2013;66,3
Andalucía;Viviendas que disponen de acceso a Internet;2012;63,3
Andalucía;Viviendas que disponen de acceso a Internet;2011;58,2
Andalucía;Viviendas que disponen de acceso a Internet;2010;53,1
Andalucía;Viviendas que disponen de acceso a Internet;2009;47,3
Andalucía;Viviendas que disponen de acceso a Internet;2008;42,2
Andalucía;Viviendas que disponen de acceso a Internet;2007;37,5
Andalucía;Viviendas que disponen de acceso a Internet;2006;30,7
Andalucía;Viviendas con conexión de Banda Ancha;2021;94,5
Andalucía;Viviendas con conexión de Banda Ancha;2020;94,6
Andalucía;Viviendas con conexión de Banda Ancha;2019;89,2
Andalucía;Viviendas con conexión de Banda Ancha;2018;83,5
Andalucía;Viviendas con conexión de Banda Ancha;2017;81,0
Andalucía;Viviendas con conexión de Banda Ancha;2016;79,8
Andalucía;Viviendas con conexión de Banda Ancha;2015;75,2
Andalucía;Viviendas con conexión de Banda Ancha;2014;69,9
Andalucía;Viviendas con conexión de Banda Ancha;2013;65,8
Andalucía;Viviendas con conexión de Banda Ancha;2012;61,3
Andalucía;Viviendas con conexión de Banda Ancha;2011;55,0
Andalucía;Viviendas con conexión de Banda Ancha;2010;51,5
Andalucía;Viviendas con conexión de Banda Ancha;2009;45,3
Andalucía;Viviendas con conexión de Banda Ancha;2008;37,5
Andalucía;Viviendas con conexión de Banda Ancha;2007;33,8
Andalucía;Viviendas con conexión de Banda Ancha;2006;23,3
Andalucía;Viviendas con  teléfono fijo;2021;57,6
Andalucía;Viviendas con  teléfono fijo;2020;61,8
Andalucía;Viviendas con  teléfono fijo;2019;68,2
Andalucía;Viviendas con  teléfono fijo;2018;66,8
Andalucía;Viviendas con  teléfono fijo;2017;69,8
Andalucía;Viviendas con  teléfono fijo;2016;73,5
Andalucía;Viviendas con  teléfono fijo;2015;73,4
Andalucía;Viviendas con  teléfono fijo;2014;71,6
Andalucía;Viviendas con  teléfono fijo;2013;71,2
Andalucía;Viviendas con  teléfono fijo;2012;73,5
Andalucía;Viviendas con  teléfono fijo;2011;72,8
Andalucía;Viviendas con  teléfono fijo;2010;72,9
Andalucía;Viviendas con  teléfono fijo;2009;71,7
Andalucía;Viviendas con  teléfono fijo;2008;73,2
Andalucía;Viviendas con  teléfono fijo;2007;74,3
Andalucía;Viviendas con  teléfono fijo;2006;75,3
Andalucía;Viviendas con  teléfono móvil;2021;99,9
Andalucía;Viviendas con  teléfono móvil;2020;99,3
Andalucía;Viviendas con  teléfono móvil;2019;98,1
Andalucía;Viviendas con  teléfono móvil;2018;97,9
Andalucía;Viviendas con  teléfono móvil;2017;96,9
Andalucía;Viviendas con  teléfono móvil;2016;95,0
Andalucía;Viviendas con  teléfono móvil;2015;95,2
Andalucía;Viviendas con  teléfono móvil;2014;95,3
Andalucía;Viviendas con  teléfono móvil;2013;95,4
Andalucía;Viviendas con  teléfono móvil;2012;94,7
Andalucía;Viviendas con  teléfono móvil;2011;93,3
Andalucía;Viviendas con  teléfono móvil;2010;93,0
Andalucía;Viviendas con  teléfono móvil;2009;91,6
Andalucía;Viviendas con  teléfono móvil;2008;89,1
Andalucía;Viviendas con  teléfono móvil;2007;88,0
Andalucía;Viviendas con  teléfono móvil;2006;84,7
Aragón;Viviendas con algún tipo de ordenador;2021;85,2
Aragón;Viviendas con algún tipo de ordenador;2020;85,0
Aragón;Viviendas con algún tipo de ordenador;2019;84,9
Aragón;Viviendas con algún tipo de ordenador;2018;83,2
Aragón;Viviendas con algún tipo de ordenador;2017;80,1
Aragón;Viviendas con algún tipo de ordenador;2016;76,8
Aragón;Viviendas con algún tipo de ordenador;2015;75,4
Aragón;Viviendas con algún tipo de ordenador;2014;74,4
Aragón;Viviendas con algún tipo de ordenador;2013;71,9
Aragón;Viviendas con algún tipo de ordenador;2012;71,9
Aragón;Viviendas con algún tipo de ordenador;2011;69,7
Aragón;Viviendas con algún tipo de ordenador;2010;68,3
Aragón;Viviendas con algún tipo de ordenador;2009;66,9
Aragón;Viviendas con algún tipo de ordenador;2008;63,2
Aragón;Viviendas con algún tipo de ordenador;2007;58,7
Aragón;Viviendas con algún tipo de ordenador;2006;55,7
Aragón;Viviendas que disponen de acceso a Internet;2021;96,3
Aragón;Viviendas que disponen de acceso a Internet;2020;96,3
Aragón;Viviendas que disponen de acceso a Internet;2019;92,1
Aragón;Viviendas que disponen de acceso a Internet;2018;88,7
Aragón;Viviendas que disponen de acceso a Internet;2017;84,9
Aragón;Viviendas que disponen de acceso a Internet;2016;81,6
Aragón;Viviendas que disponen de acceso a Internet;2015;77,2
Aragón;Viviendas que disponen de acceso a Internet;2014;70,5
Aragón;Viviendas que disponen de acceso a Internet;2013;67,6
Aragón;Viviendas que disponen de acceso a Internet;2012;66,5
Aragón;Viviendas que disponen de acceso a Internet;2011;61,8
Aragón;Viviendas que disponen de acceso a Internet;2010;59,0
Aragón;Viviendas que disponen de acceso a Internet;2009;52,9
Aragón;Viviendas que disponen de acceso a Internet;2008;50,9
Aragón;Viviendas que disponen de acceso a Internet;2007;46,6
Aragón;Viviendas que disponen de acceso a Internet;2006;38,8
Aragón;Viviendas con conexión de Banda Ancha;2021;96,3
Aragón;Viviendas con conexión de Banda Ancha;2020;96,0
Aragón;Viviendas con conexión de Banda Ancha;2019;91,6
Aragón;Viviendas con conexión de Banda Ancha;2018;88,4
Aragón;Viviendas con conexión de Banda Ancha;2017;83,8
Aragón;Viviendas con conexión de Banda Ancha;2016;80,2
Aragón;Viviendas con conexión de Banda Ancha;2015;75,3
Aragón;Viviendas con conexión de Banda Ancha;2014;69,7
Aragón;Viviendas con conexión de Banda Ancha;2013;67,0
Aragón;Viviendas con conexión de Banda Ancha;2012;65,9
Aragón;Viviendas con conexión de Banda Ancha;2011;60,9
Aragón;Viviendas con conexión de Banda Ancha;2010;56,9
Aragón;Viviendas con conexión de Banda Ancha;2009;49,6
Aragón;Viviendas con conexión de Banda Ancha;2008;44,4
Aragón;Viviendas con conexión de Banda Ancha;2007;39,0
Aragón;Viviendas con conexión de Banda Ancha;2006;28,3
Aragón;Viviendas con  teléfono fijo;2021;74,9
Aragón;Viviendas con  teléfono fijo;2020;80,0
Aragón;Viviendas con  teléfono fijo;2019;81,8
Aragón;Viviendas con  teléfono fijo;2018;83,9
Aragón;Viviendas con  teléfono fijo;2017;84,9
Aragón;Viviendas con  teléfono fijo;2016;86,0
Aragón;Viviendas con  teléfono fijo;2015;85,0
Aragón;Viviendas con  teléfono fijo;2014;85,0
Aragón;Viviendas con  teléfono fijo;2013;82,5
Aragón;Viviendas con  teléfono fijo;2012;84,5
Aragón;Viviendas con  teléfono fijo;2011;85,1
Aragón;Viviendas con  teléfono fijo;2010;84,6
Aragón;Viviendas con  teléfono fijo;2009;87,5
Aragón;Viviendas con  teléfono fijo;2008;89,7
Aragón;Viviendas con  teléfono fijo;2007;88,7
Aragón;Viviendas con  teléfono fijo;2006;89,6
Aragón;Viviendas con  teléfono móvil;2021;99,9
Aragón;Viviendas con  teléfono móvil;2020;99,7
Aragón;Viviendas con  teléfono móvil;2019;98,7
Aragón;Viviendas con  teléfono móvil;2018;98,1
Aragón;Viviendas con  teléfono móvil;2017;97,5
Aragón;Viviendas con  teléfono móvil;2016;98,3
Aragón;Viviendas con  teléfono móvil;2015;97,4
Aragón;Viviendas con  teléfono móvil;2014;95,7
Aragón;Viviendas con  teléfono móvil;2013;96,2
Aragón;Viviendas con  teléfono móvil;2012;95,5
Aragón;Viviendas con  teléfono móvil;2011;93,4
Aragón;Viviendas con  teléfono móvil;2010;94,7
Aragón;Viviendas con  teléfono móvil;2009;90,2
Aragón;Viviendas con  teléfono móvil;2008;89,0
Aragón;Viviendas con  teléfono móvil;2007;89,4
Aragón;Viviendas con  teléfono móvil;2006;84,6
Asturias (Principado de);Viviendas con algún tipo de ordenador;2021;81,3
Asturias (Principado de);Viviendas con algún tipo de ordenador;2020;79,2
Asturias (Principado de);Viviendas con algún tipo de ordenador;2019;79,5
Asturias (Principado de);Viviendas con algún tipo de ordenador;2018;78,2
Asturias (Principado de);Viviendas con algún tipo de ordenador;2017;75,9
Asturias (Principado de);Viviendas con algún tipo de ordenador;2016;74,0
Asturias (Principado de);Viviendas con algún tipo de ordenador;2015;73,9
Asturias (Principado de);Viviendas con algún tipo de ordenador;2014;71,0
Asturias (Principado de);Viviendas con algún tipo de ordenador;2013;73,3
Asturias (Principado de);Viviendas con algún tipo de ordenador;2012;70,3
Asturias (Principado de);Viviendas con algún tipo de ordenador;2011;66,9
Asturias (Principado de);Viviendas con algún tipo de ordenador;2010;64,8
Asturias (Principado de);Viviendas con algún tipo de ordenador;2009;62,3
Asturias (Principado de);Viviendas con algún tipo de ordenador;2008;60,8
Asturias (Principado de);Viviendas con algún tipo de ordenador;2007;57,1
Asturias (Principado de);Viviendas con algún tipo de ordenador;2006;53,7
Asturias (Principado de);Viviendas que disponen de acceso a Internet;2021;94,3
Asturias (Principado de);Viviendas que disponen de acceso a Internet;2020;93,4
Asturias (Principado de);Viviendas que disponen de acceso a Internet;2019;91,1
Asturias (Principado de);Viviendas que disponen de acceso a Internet;2018;85,9
Asturias (Principado de);Viviendas que disponen de acceso a Internet;2017;81,3
Asturias (Principado de);Viviendas que disponen de acceso a Internet;2016;79,7
Asturias (Principado de);Viviendas que disponen de acceso a Internet;2015;78,8
Asturias (Principado de);Viviendas que disponen de acceso a Internet;2014;72,8
Asturias (Principado de);Viviendas que disponen de acceso a Internet;2013;70,7
Asturias (Principado de);Viviendas que disponen de acceso a Internet;2012;65,5
Asturias (Principado de);Viviendas que disponen de acceso a Internet;2011;60,9
Asturias (Principado de);Viviendas que disponen de acceso a Internet;2010;57,3
Asturias (Principado de);Viviendas que disponen de acceso a Internet;2009;52,4
Asturias (Principado de);Viviendas que disponen de acceso a Internet;2008;50,9
Asturias (Principado de);Viviendas que disponen de acceso a Internet;2007;40,6
Asturias (Principado de);Viviendas que disponen de acceso a Internet;2006;38,5
Asturias (Principado de);Viviendas con conexión de Banda Ancha;2021;94,3
Asturias (Principado de);Viviendas con conexión de Banda Ancha;2020;93,2
Asturias (Principado de);Viviendas con conexión de Banda Ancha;2019;90,8
Asturias (Principado de);Viviendas con conexión de Banda Ancha;2018;85,1
Asturias (Principado de);Viviendas con conexión de Banda Ancha;2017;80,8
Asturias (Principado de);Viviendas con conexión de Banda Ancha;2016;79,2
Asturias (Principado de);Viviendas con conexión de Banda Ancha;2015;78,7
Asturias (Principado de);Viviendas con conexión de Banda Ancha;2014;72,2
Asturias (Principado de);Viviendas con conexión de Banda Ancha;2013;69,8
Asturias (Principado de);Viviendas con conexión de Banda Ancha;2012;65,1
Asturias (Principado de);Viviendas con conexión de Banda Ancha;2011;59,4
Asturias (Principado de);Viviendas con conexión de Banda Ancha;2010;55,0
Asturias (Principado de);Viviendas con conexión de Banda Ancha;2009;48,6
Asturias (Principado de);Viviendas con conexión de Banda Ancha;2008;45,7
Asturias (Principado de);Viviendas con conexión de Banda Ancha;2007;37,3
Asturias (Principado de);Viviendas con conexión de Banda Ancha;2006;30,6
Asturias (Principado de);Viviendas con  teléfono fijo;2021;66,8
Asturias (Principado de);Viviendas con  teléfono fijo;2020;69,8
Asturias (Principado de);Viviendas con  teléfono fijo;2019;72,9
Asturias (Principado de);Viviendas con  teléfono fijo;2018;74,6
Asturias (Principado de);Viviendas con  teléfono fijo;2017;77,7
Asturias (Principado de);Viviendas con  teléfono fijo;2016;76,2
Asturias (Principado de);Viviendas con  teléfono fijo;2015;77,2
Asturias (Principado de);Viviendas con  teléfono fijo;2014;77,7
Asturias (Principado de);Viviendas con  teléfono fijo;2013;80,0
Asturias (Principado de);Viviendas con  teléfono fijo;2012;82,5
Asturias (Principado de);Viviendas con  teléfono fijo;2011;80,0
Asturias (Principado de);Viviendas con  teléfono fijo;2010;83,0
Asturias (Principado de);Viviendas con  teléfono fijo;2009;83,0
Asturias (Principado de);Viviendas con  teléfono fijo;2008;85,7
Asturias (Principado de);Viviendas con  teléfono fijo;2007;84,3
Asturias (Principado de);Viviendas con  teléfono fijo;2006;86,8
Asturias (Principado de);Viviendas con  teléfono móvil;2021;99,2
Asturias (Principado de);Viviendas con  teléfono móvil;2020;99,0
Asturias (Principado de);Viviendas con  teléfono móvil;2019;98,1
Asturias (Principado de);Viviendas con  teléfono móvil;2018;98,6
Asturias (Principado de);Viviendas con  teléfono móvil;2017;97,8
Asturias (Principado de);Viviendas con  teléfono móvil;2016;96,4
Asturias (Principado de);Viviendas con  teléfono móvil;2015;96,6
Asturias (Principado de);Viviendas con  teléfono móvil;2014;97,0
Asturias (Principado de);Viviendas con  teléfono móvil;2013;94,6
Asturias (Principado de);Viviendas con  teléfono móvil;2012;94,5
Asturias (Principado de);Viviendas con  teléfono móvil;2011;93,9
Asturias (Principado de);Viviendas con  teléfono móvil;2010;94,4
Asturias (Principado de);Viviendas con  teléfono móvil;2009;93,3
Asturias (Principado de);Viviendas con  teléfono móvil;2008;91,6
Asturias (Principado de);Viviendas con  teléfono móvil;2007;88,9
Asturias (Principado de);Viviendas con  teléfono móvil;2006;85,6
Balears (Illes);Viviendas con algún tipo de ordenador;2021;86,3
Balears (Illes);Viviendas con algún tipo de ordenador;2020;85,2
Balears (Illes);Viviendas con algún tipo de ordenador;2019;84,5
Balears (Illes);Viviendas con algún tipo de ordenador;2018;83,7
Balears (Illes);Viviendas con algún tipo de ordenador;2017;84,0
Balears (Illes);Viviendas con algún tipo de ordenador;2016;77,9
Balears (Illes);Viviendas con algún tipo de ordenador;2015;77,5
Balears (Illes);Viviendas con algún tipo de ordenador;2014;79,5
Balears (Illes);Viviendas con algún tipo de ordenador;2013;74,7
Balears (Illes);Viviendas con algún tipo de ordenador;2012;78,3
Balears (Illes);Viviendas con algún tipo de ordenador;2011;73,9
Balears (Illes);Viviendas con algún tipo de ordenador;2010;73,2
Balears (Illes);Viviendas con algún tipo de ordenador;2009;66,8
Balears (Illes);Viviendas con algún tipo de ordenador;2008;62,4
Balears (Illes);Viviendas con algún tipo de ordenador;2007;59,5
Balears (Illes);Viviendas con algún tipo de ordenador;2006;55,4
Balears (Illes);Viviendas que disponen de acceso a Internet;2021;97,3
Balears (Illes);Viviendas que disponen de acceso a Internet;2020;95,6
Balears (Illes);Viviendas que disponen de acceso a Internet;2019;93,1
Balears (Illes);Viviendas que disponen de acceso a Internet;2018;90,8
Balears (Illes);Viviendas que disponen de acceso a Internet;2017;89,3
Balears (Illes);Viviendas que disponen de acceso a Internet;2016;82,0
Balears (Illes);Viviendas que disponen de acceso a Internet;2015;80,0
Balears (Illes);Viviendas que disponen de acceso a Internet;2014;78,4
Balears (Illes);Viviendas que disponen de acceso a Internet;2013;68,9
Balears (Illes);Viviendas que disponen de acceso a Internet;2012;72,8
Balears (Illes);Viviendas que disponen de acceso a Internet;2011;68,7
Balears (Illes);Viviendas que disponen de acceso a Internet;2010;65,1
Balears (Illes);Viviendas que disponen de acceso a Internet;2009;59,0
Balears (Illes);Viviendas que disponen de acceso a Internet;2008;53,3
Balears (Illes);Viviendas que disponen de acceso a Internet;2007;48,1
Balears (Illes);Viviendas que disponen de acceso a Internet;2006;40,9
Balears (Illes);Viviendas con conexión de Banda Ancha;2021;97,3
Balears (Illes);Viviendas con conexión de Banda Ancha;2020;95,6
Balears (Illes);Viviendas con conexión de Banda Ancha;2019;93,0
Balears (Illes);Viviendas con conexión de Banda Ancha;2018;90,6
Balears (Illes);Viviendas con conexión de Banda Ancha;2017;87,8
Balears (Illes);Viviendas con conexión de Banda Ancha;2016;81,2
Balears (Illes);Viviendas con conexión de Banda Ancha;2015;78,2
Balears (Illes);Viviendas con conexión de Banda Ancha;2014;77,5
Balears (Illes);Viviendas con conexión de Banda Ancha;2013;67,8
Balears (Illes);Viviendas con conexión de Banda Ancha;2012;70,4
Balears (Illes);Viviendas con conexión de Banda Ancha;2011;66,2
Balears (Illes);Viviendas con conexión de Banda Ancha;2010;63,4
Balears (Illes);Viviendas con conexión de Banda Ancha;2009;57,3
Balears (Illes);Viviendas con conexión de Banda Ancha;2008;48,5
Balears (Illes);Viviendas con conexión de Banda Ancha;2007;44,6
Balears (Illes);Viviendas con conexión de Banda Ancha;2006;32,8
Balears (Illes);Viviendas con  teléfono fijo;2021;70,7
Balears (Illes);Viviendas con  teléfono fijo;2020;75,4
Balears (Illes);Viviendas con  teléfono fijo;2019;82,2
Balears (Illes);Viviendas con  teléfono fijo;2018;83,7
Balears (Illes);Viviendas con  teléfono fijo;2017;81,4
Balears (Illes);Viviendas con  teléfono fijo;2016;78,1
Balears (Illes);Viviendas con  teléfono fijo;2015;77,9
Balears (Illes);Viviendas con  teléfono fijo;2014;82,2
Balears (Illes);Viviendas con  teléfono fijo;2013;79,0
Balears (Illes);Viviendas con  teléfono fijo;2012;82,4
Balears (Illes);Viviendas con  teléfono fijo;2011;84,1
Balears (Illes);Viviendas con  teléfono fijo;2010;84,3
Balears (Illes);Viviendas con  teléfono fijo;2009;85,7
Balears (Illes);Viviendas con  teléfono fijo;2008;82,5
Balears (Illes);Viviendas con  teléfono fijo;2007;82,1
Balears (Illes);Viviendas con  teléfono fijo;2006;82,4
Balears (Illes);Viviendas con  teléfono móvil;2021;99,0
Balears (Illes);Viviendas con  teléfono móvil;2020;98,9
Balears (Illes);Viviendas con  teléfono móvil;2019;99,2
Balears (Illes);Viviendas con  teléfono móvil;2018;98,0
Balears (Illes);Viviendas con  teléfono móvil;2017;98,8
Balears (Illes);Viviendas con  teléfono móvil;2016;97,1
Balears (Illes);Viviendas con  teléfono móvil;2015;97,2
Balears (Illes);Viviendas con  teléfono móvil;2014;96,8
Balears (Illes);Viviendas con  teléfono móvil;2013;95,5
Balears (Illes);Viviendas con  teléfono móvil;2012;93,2
Balears (Illes);Viviendas con  teléfono móvil;2011;95,9
Balears (Illes);Viviendas con  teléfono móvil;2010;93,8
Balears (Illes);Viviendas con  teléfono móvil;2009;93,8
Balears (Illes);Viviendas con  teléfono móvil;2008;90,6
Balears (Illes);Viviendas con  teléfono móvil;2007;89,4
Balears (Illes);Viviendas con  teléfono móvil;2006;88,3
Canarias;Viviendas con algún tipo de ordenador;2021;82,7
Canarias;Viviendas con algún tipo de ordenador;2020;80,5
Canarias;Viviendas con algún tipo de ordenador;2019;80,3
Canarias;Viviendas con algún tipo de ordenador;2018;77,9
Canarias;Viviendas con algún tipo de ordenador;2017;73,1
Canarias;Viviendas con algún tipo de ordenador;2016;72,2
Canarias;Viviendas con algún tipo de ordenador;2015;71,0
Canarias;Viviendas con algún tipo de ordenador;2014;72,3
Canarias;Viviendas con algún tipo de ordenador;2013;70,1
Canarias;Viviendas con algún tipo de ordenador;2012;71,9
Canarias;Viviendas con algún tipo de ordenador;2011;68,6
Canarias;Viviendas con algún tipo de ordenador;2010;65,3
Canarias;Viviendas con algún tipo de ordenador;2009;64,8
Canarias;Viviendas con algún tipo de ordenador;2008;63,5
Canarias;Viviendas con algún tipo de ordenador;2007;57,5
Canarias;Viviendas con algún tipo de ordenador;2006;56,1
Canarias;Viviendas que disponen de acceso a Internet;2021;96,7
Canarias;Viviendas que disponen de acceso a Internet;2020;96,2
Canarias;Viviendas que disponen de acceso a Internet;2019;91,1
Canarias;Viviendas que disponen de acceso a Internet;2018;87,4
Canarias;Viviendas que disponen de acceso a Internet;2017;80,9
Canarias;Viviendas que disponen de acceso a Internet;2016;82,1
Canarias;Viviendas que disponen de acceso a Internet;2015;78,6
Canarias;Viviendas que disponen de acceso a Internet;2014;72,6
Canarias;Viviendas que disponen de acceso a Internet;2013;67,0
Canarias;Viviendas que disponen de acceso a Internet;2012;63,9
Canarias;Viviendas que disponen de acceso a Internet;2011;60,4
Canarias;Viviendas que disponen de acceso a Internet;2010;56,7
Canarias;Viviendas que disponen de acceso a Internet;2009;52,6
Canarias;Viviendas que disponen de acceso a Internet;2008;50,5
Canarias;Viviendas que disponen de acceso a Internet;2007;43,5
Canarias;Viviendas que disponen de acceso a Internet;2006;39,6
Canarias;Viviendas con conexión de Banda Ancha;2021;96,7
Canarias;Viviendas con conexión de Banda Ancha;2020;95,7
Canarias;Viviendas con conexión de Banda Ancha;2019;90,4
Canarias;Viviendas con conexión de Banda Ancha;2018;86,8
Canarias;Viviendas con conexión de Banda Ancha;2017;80,1
Canarias;Viviendas con conexión de Banda Ancha;2016;80,7
Canarias;Viviendas con conexión de Banda Ancha;2015;77,3
Canarias;Viviendas con conexión de Banda Ancha;2014;71,0
Canarias;Viviendas con conexión de Banda Ancha;2013;66,7
Canarias;Viviendas con conexión de Banda Ancha;2012;63,0
Canarias;Viviendas con conexión de Banda Ancha;2011;59,0
Canarias;Viviendas con conexión de Banda Ancha;2010;54,8
Canarias;Viviendas con conexión de Banda Ancha;2009;50,9
Canarias;Viviendas con conexión de Banda Ancha;2008;43,8
Canarias;Viviendas con conexión de Banda Ancha;2007;40,5
Canarias;Viviendas con conexión de Banda Ancha;2006;33,2
Canarias;Viviendas con  teléfono fijo;2021;76,6
Canarias;Viviendas con  teléfono fijo;2020;81,8
Canarias;Viviendas con  teléfono fijo;2019;79,2
Canarias;Viviendas con  teléfono fijo;2018;79,8
Canarias;Viviendas con  teléfono fijo;2017;79,8
Canarias;Viviendas con  teléfono fijo;2016;77,4
Canarias;Viviendas con  teléfono fijo;2015;77,5
Canarias;Viviendas con  teléfono fijo;2014;75,5
Canarias;Viviendas con  teléfono fijo;2013;76,3
Canarias;Viviendas con  teléfono fijo;2012;74,8
Canarias;Viviendas con  teléfono fijo;2011;75,9
Canarias;Viviendas con  teléfono fijo;2010;73,9
Canarias;Viviendas con  teléfono fijo;2009;74,7
Canarias;Viviendas con  teléfono fijo;2008;74,5
Canarias;Viviendas con  teléfono fijo;2007;74,4
Canarias;Viviendas con  teléfono fijo;2006;79,9
Canarias;Viviendas con  teléfono móvil;2021;99,5
Canarias;Viviendas con  teléfono móvil;2020;99,5
Canarias;Viviendas con  teléfono móvil;2019;97,9
Canarias;Viviendas con  teléfono móvil;2018;96,8
Canarias;Viviendas con  teléfono móvil;2017;94,0
Canarias;Viviendas con  teléfono móvil;2016;95,0
Canarias;Viviendas con  teléfono móvil;2015;96,3
Canarias;Viviendas con  teléfono móvil;2014;94,8
Canarias;Viviendas con  teléfono móvil;2013;96,1
Canarias;Viviendas con  teléfono móvil;2012;95,9
Canarias;Viviendas con  teléfono móvil;2011;93,7
Canarias;Viviendas con  teléfono móvil;2010;93,6
Canarias;Viviendas con  teléfono móvil;2009;94,1
Canarias;Viviendas con  teléfono móvil;2008;93,1
Canarias;Viviendas con  teléfono móvil;2007;91,2
Canarias;Viviendas con  teléfono móvil;2006;86,7
Cantabria;Viviendas con algún tipo de ordenador;2021;83,3
Cantabria;Viviendas con algún tipo de ordenador;2020;82,1
Cantabria;Viviendas con algún tipo de ordenador;2019;80,7
Cantabria;Viviendas con algún tipo de ordenador;2018;78,9
Cantabria;Viviendas con algún tipo de ordenador;2017;81,7
Cantabria;Viviendas con algún tipo de ordenador;2016;78,0
Cantabria;Viviendas con algún tipo de ordenador;2015;77,3
Cantabria;Viviendas con algún tipo de ordenador;2014;74,6
Cantabria;Viviendas con algún tipo de ordenador;2013;75,8
Cantabria;Viviendas con algún tipo de ordenador;2012;72,6
Cantabria;Viviendas con algún tipo de ordenador;2011;71,7
Cantabria;Viviendas con algún tipo de ordenador;2010;65,7
Cantabria;Viviendas con algún tipo de ordenador;2009;64,0
Cantabria;Viviendas con algún tipo de ordenador;2008;63,8
Cantabria;Viviendas con algún tipo de ordenador;2007;58,2
Cantabria;Viviendas con algún tipo de ordenador;2006;57,5
Cantabria;Viviendas que disponen de acceso a Internet;2021;95,0
Cantabria;Viviendas que disponen de acceso a Internet;2020;93,9
Cantabria;Viviendas que disponen de acceso a Internet;2019;90,8
Cantabria;Viviendas que disponen de acceso a Internet;2018;83,0
Cantabria;Viviendas que disponen de acceso a Internet;2017;83,5
Cantabria;Viviendas que disponen de acceso a Internet;2016;79,6
Cantabria;Viviendas que disponen de acceso a Internet;2015;79,6
Cantabria;Viviendas que disponen de acceso a Internet;2014;73,9
Cantabria;Viviendas que disponen de acceso a Internet;2013;74,6
Cantabria;Viviendas que disponen de acceso a Internet;2012;66,9
Cantabria;Viviendas que disponen de acceso a Internet;2011;64,6
Cantabria;Viviendas que disponen de acceso a Internet;2010;56,3
Cantabria;Viviendas que disponen de acceso a Internet;2009;54,2
Cantabria;Viviendas que disponen de acceso a Internet;2008;51,2
Cantabria;Viviendas que disponen de acceso a Internet;2007;45,2
Cantabria;Viviendas que disponen de acceso a Internet;2006;42,2
Cantabria;Viviendas con conexión de Banda Ancha;2021;95,0
Cantabria;Viviendas con conexión de Banda Ancha;2020;93,9
Cantabria;Viviendas con conexión de Banda Ancha;2019;90,8
Cantabria;Viviendas con conexión de Banda Ancha;2018;82,4
Cantabria;Viviendas con conexión de Banda Ancha;2017;82,4
Cantabria;Viviendas con conexión de Banda Ancha;2016;77,3
Cantabria;Viviendas con conexión de Banda Ancha;2015;78,8
Cantabria;Viviendas con conexión de Banda Ancha;2014;72,4
Cantabria;Viviendas con conexión de Banda Ancha;2013;74,2
Cantabria;Viviendas con conexión de Banda Ancha;2012;66,3
Cantabria;Viviendas con conexión de Banda Ancha;2011;63,6
Cantabria;Viviendas con conexión de Banda Ancha;2010;54,7
Cantabria;Viviendas con conexión de Banda Ancha;2009;52,7
Cantabria;Viviendas con conexión de Banda Ancha;2008;47,1
Cantabria;Viviendas con conexión de Banda Ancha;2007;40,6
Cantabria;Viviendas con conexión de Banda Ancha;2006;31,6
Cantabria;Viviendas con  teléfono fijo;2021;71,1
Cantabria;Viviendas con  teléfono fijo;2020;74,3
Cantabria;Viviendas con  teléfono fijo;2019;78,2
Cantabria;Viviendas con  teléfono fijo;2018;79,8
Cantabria;Viviendas con  teléfono fijo;2017;80,5
Cantabria;Viviendas con  teléfono fijo;2016;83,5
Cantabria;Viviendas con  teléfono fijo;2015;82,2
Cantabria;Viviendas con  teléfono fijo;2014;80,3
Cantabria;Viviendas con  teléfono fijo;2013;80,0
Cantabria;Viviendas con  teléfono fijo;2012;78,3
Cantabria;Viviendas con  teléfono fijo;2011;81,6
Cantabria;Viviendas con  teléfono fijo;2010;83,5
Cantabria;Viviendas con  teléfono fijo;2009;83,2
Cantabria;Viviendas con  teléfono fijo;2008;80,7
Cantabria;Viviendas con  teléfono fijo;2007;82,1
Cantabria;Viviendas con  teléfono fijo;2006;84,5
Cantabria;Viviendas con  teléfono móvil;2021;99,5
Cantabria;Viviendas con  teléfono móvil;2020;99,1
Cantabria;Viviendas con  teléfono móvil;2019;97,2
Cantabria;Viviendas con  teléfono móvil;2018;98,9
Cantabria;Viviendas con  teléfono móvil;2017;97,2
Cantabria;Viviendas con  teléfono móvil;2016;96,6
Cantabria;Viviendas con  teléfono móvil;2015;98,1
Cantabria;Viviendas con  teléfono móvil;2014;96,6
Cantabria;Viviendas con  teléfono móvil;2013;96,0
Cantabria;Viviendas con  teléfono móvil;2012;96,1
Cantabria;Viviendas con  teléfono móvil;2011;94,9
Cantabria;Viviendas con  teléfono móvil;2010;94,8
Cantabria;Viviendas con  teléfono móvil;2009;94,8
Cantabria;Viviendas con  teléfono móvil;2008;92,8
Cantabria;Viviendas con  teléfono móvil;2007;90,1
Cantabria;Viviendas con  teléfono móvil;2006;86,4
Castilla y León;Viviendas con algún tipo de ordenador;2021;83,6
Castilla y León;Viviendas con algún tipo de ordenador;2020;79,4
Castilla y León;Viviendas con algún tipo de ordenador;2019;78,0
Castilla y León;Viviendas con algún tipo de ordenador;2018;76,1
Castilla y León;Viviendas con algún tipo de ordenador;2017;77,1
Castilla y León;Viviendas con algún tipo de ordenador;2016;75,7
Castilla y León;Viviendas con algún tipo de ordenador;2015;73,6
Castilla y León;Viviendas con algún tipo de ordenador;2014;72,6
Castilla y León;Viviendas con algún tipo de ordenador;2013;71,8
Castilla y León;Viviendas con algún tipo de ordenador;2012;69,6
Castilla y León;Viviendas con algún tipo de ordenador;2011;64,7
Castilla y León;Viviendas con algún tipo de ordenador;2010;62,6
Castilla y León;Viviendas con algún tipo de ordenador;2009;60,5
Castilla y León;Viviendas con algún tipo de ordenador;2008;56,9
Castilla y León;Viviendas con algún tipo de ordenador;2007;56,3
Castilla y León;Viviendas con algún tipo de ordenador;2006;52,0
Castilla y León;Viviendas que disponen de acceso a Internet;2021;95,6
Castilla y León;Viviendas que disponen de acceso a Internet;2020;93,9
Castilla y León;Viviendas que disponen de acceso a Internet;2019;89,0
Castilla y León;Viviendas que disponen de acceso a Internet;2018;82,3
Castilla y León;Viviendas que disponen de acceso a Internet;2017;79,2
Castilla y León;Viviendas que disponen de acceso a Internet;2016;77,5
Castilla y León;Viviendas que disponen de acceso a Internet;2015;73,9
Castilla y León;Viviendas que disponen de acceso a Internet;2014;68,7
Castilla y León;Viviendas que disponen de acceso a Internet;2013;67,0
Castilla y León;Viviendas que disponen de acceso a Internet;2012;62,9
Castilla y León;Viviendas que disponen de acceso a Internet;2011;56,1
Castilla y León;Viviendas que disponen de acceso a Internet;2010;49,1
Castilla y León;Viviendas que disponen de acceso a Internet;2009;44,3
Castilla y León;Viviendas que disponen de acceso a Internet;2008;40,7
Castilla y León;Viviendas que disponen de acceso a Internet;2007;38,0
Castilla y León;Viviendas que disponen de acceso a Internet;2006;33,8
Castilla y León;Viviendas con conexión de Banda Ancha;2021;95,6
Castilla y León;Viviendas con conexión de Banda Ancha;2020;93,9
Castilla y León;Viviendas con conexión de Banda Ancha;2019;88,6
Castilla y León;Viviendas con conexión de Banda Ancha;2018;82,2
Castilla y León;Viviendas con conexión de Banda Ancha;2017;78,2
Castilla y León;Viviendas con conexión de Banda Ancha;2016;76,5
Castilla y León;Viviendas con conexión de Banda Ancha;2015;73,5
Castilla y León;Viviendas con conexión de Banda Ancha;2014;67,6
Castilla y León;Viviendas con conexión de Banda Ancha;2013;65,9
Castilla y León;Viviendas con conexión de Banda Ancha;2012;61,7
Castilla y León;Viviendas con conexión de Banda Ancha;2011;53,3
Castilla y León;Viviendas con conexión de Banda Ancha;2010;46,0
Castilla y León;Viviendas con conexión de Banda Ancha;2009;40,1
Castilla y León;Viviendas con conexión de Banda Ancha;2008;34,0
Castilla y León;Viviendas con conexión de Banda Ancha;2007;31,6
Castilla y León;Viviendas con conexión de Banda Ancha;2006;23,1
Castilla y León;Viviendas con  teléfono fijo;2021;73,1
Castilla y León;Viviendas con  teléfono fijo;2020;73,9
Castilla y León;Viviendas con  teléfono fijo;2019;76,5
Castilla y León;Viviendas con  teléfono fijo;2018;77,7
Castilla y León;Viviendas con  teléfono fijo;2017;80,0
Castilla y León;Viviendas con  teléfono fijo;2016;81,0
Castilla y León;Viviendas con  teléfono fijo;2015;82,0
Castilla y León;Viviendas con  teléfono fijo;2014;81,7
Castilla y León;Viviendas con  teléfono fijo;2013;82,3
Castilla y León;Viviendas con  teléfono fijo;2012;80,7
Castilla y León;Viviendas con  teléfono fijo;2011;80,9
Castilla y León;Viviendas con  teléfono fijo;2010;81,4
Castilla y León;Viviendas con  teléfono fijo;2009;81,7
Castilla y León;Viviendas con  teléfono fijo;2008;80,7
Castilla y León;Viviendas con  teléfono fijo;2007;82,3
Castilla y León;Viviendas con  teléfono fijo;2006;85,8
Castilla y León;Viviendas con  teléfono móvil;2021;99,3
Castilla y León;Viviendas con  teléfono móvil;2020;99,4
Castilla y León;Viviendas con  teléfono móvil;2019;98,0
Castilla y León;Viviendas con  teléfono móvil;2018;97,6
Castilla y León;Viviendas con  teléfono móvil;2017;97,0
Castilla y León;Viviendas con  teléfono móvil;2016;95,6
Castilla y León;Viviendas con  teléfono móvil;2015;96,0
Castilla y León;Viviendas con  teléfono móvil;2014;94,5
Castilla y León;Viviendas con  teléfono móvil;2013;95,5
Castilla y León;Viviendas con  teléfono móvil;2012;95,4
Castilla y León;Viviendas con  teléfono móvil;2011;93,2
Castilla y León;Viviendas con  teléfono móvil;2010;90,6
Castilla y León;Viviendas con  teléfono móvil;2009;89,8
Castilla y León;Viviendas con  teléfono móvil;2008;88,2
Castilla y León;Viviendas con  teléfono móvil;2007;85,6
Castilla y León;Viviendas con  teléfono móvil;2006;83,3
Castilla-La Mancha;Viviendas con algún tipo de ordenador;2021;78,9
Castilla-La Mancha;Viviendas con algún tipo de ordenador;2020;77,2
Castilla-La Mancha;Viviendas con algún tipo de ordenador;2019;74,2
Castilla-La Mancha;Viviendas con algún tipo de ordenador;2018;74,8
Castilla-La Mancha;Viviendas con algún tipo de ordenador;2017;74,1
Castilla-La Mancha;Viviendas con algún tipo de ordenador;2016;73,3
Castilla-La Mancha;Viviendas con algún tipo de ordenador;2015;74,1
Castilla-La Mancha;Viviendas con algún tipo de ordenador;2014;69,9
Castilla-La Mancha;Viviendas con algún tipo de ordenador;2013;71,9
Castilla-La Mancha;Viviendas con algún tipo de ordenador;2012;68,0
Castilla-La Mancha;Viviendas con algún tipo de ordenador;2011;68,4
Castilla-La Mancha;Viviendas con algún tipo de ordenador;2010;64,5
Castilla-La Mancha;Viviendas con algún tipo de ordenador;2009;58,1
Castilla-La Mancha;Viviendas con algún tipo de ordenador;2008;53,8
Castilla-La Mancha;Viviendas con algún tipo de ordenador;2007;50,5
Castilla-La Mancha;Viviendas con algún tipo de ordenador;2006;50,3
Castilla-La Mancha;Viviendas que disponen de acceso a Internet;2021;94,4
Castilla-La Mancha;Viviendas que disponen de acceso a Internet;2020;93,2
Castilla-La Mancha;Viviendas que disponen de acceso a Internet;2019;86,8
Castilla-La Mancha;Viviendas que disponen de acceso a Internet;2018;80,9
Castilla-La Mancha;Viviendas que disponen de acceso a Internet;2017;80,6
Castilla-La Mancha;Viviendas que disponen de acceso a Internet;2016;78,2
Castilla-La Mancha;Viviendas que disponen de acceso a Internet;2015;73,9
Castilla-La Mancha;Viviendas que disponen de acceso a Internet;2014;66,8
Castilla-La Mancha;Viviendas que disponen de acceso a Internet;2013;63,4
Castilla-La Mancha;Viviendas que disponen de acceso a Internet;2012;60,6
Castilla-La Mancha;Viviendas que disponen de acceso a Internet;2011;58,4
Castilla-La Mancha;Viviendas que disponen de acceso a Internet;2010;52,0
Castilla-La Mancha;Viviendas que disponen de acceso a Internet;2009;43,9
Castilla-La Mancha;Viviendas que disponen de acceso a Internet;2008;38,6
Castilla-La Mancha;Viviendas que disponen de acceso a Internet;2007;31,2
Castilla-La Mancha;Viviendas que disponen de acceso a Internet;2006;29,6
Castilla-La Mancha;Viviendas con conexión de Banda Ancha;2021;94,4
Castilla-La Mancha;Viviendas con conexión de Banda Ancha;2020;93,2
Castilla-La Mancha;Viviendas con conexión de Banda Ancha;2019;86,7
Castilla-La Mancha;Viviendas con conexión de Banda Ancha;2018;80,8
Castilla-La Mancha;Viviendas con conexión de Banda Ancha;2017;80,1
Castilla-La Mancha;Viviendas con conexión de Banda Ancha;2016;77,9
Castilla-La Mancha;Viviendas con conexión de Banda Ancha;2015;73,6
Castilla-La Mancha;Viviendas con conexión de Banda Ancha;2014;65,6
Castilla-La Mancha;Viviendas con conexión de Banda Ancha;2013;62,9
Castilla-La Mancha;Viviendas con conexión de Banda Ancha;2012;59,4
Castilla-La Mancha;Viviendas con conexión de Banda Ancha;2011;56,2
Castilla-La Mancha;Viviendas con conexión de Banda Ancha;2010;50,4
Castilla-La Mancha;Viviendas con conexión de Banda Ancha;2009;41,9
Castilla-La Mancha;Viviendas con conexión de Banda Ancha;2008;34,6
Castilla-La Mancha;Viviendas con conexión de Banda Ancha;2007;26,9
Castilla-La Mancha;Viviendas con conexión de Banda Ancha;2006;19,9
Castilla-La Mancha;Viviendas con  teléfono fijo;2021;58,1
Castilla-La Mancha;Viviendas con  teléfono fijo;2020;61,0
Castilla-La Mancha;Viviendas con  teléfono fijo;2019;66,7
Castilla-La Mancha;Viviendas con  teléfono fijo;2018;69,9
Castilla-La Mancha;Viviendas con  teléfono fijo;2017;72,5
Castilla-La Mancha;Viviendas con  teléfono fijo;2016;73,1
Castilla-La Mancha;Viviendas con  teléfono fijo;2015;76,4
Castilla-La Mancha;Viviendas con  teléfono fijo;2014;73,9
Castilla-La Mancha;Viviendas con  teléfono fijo;2013;73,7
Castilla-La Mancha;Viviendas con  teléfono fijo;2012;76,6
Castilla-La Mancha;Viviendas con  teléfono fijo;2011;75,9
Castilla-La Mancha;Viviendas con  teléfono fijo;2010;74,3
Castilla-La Mancha;Viviendas con  teléfono fijo;2009;74,7
Castilla-La Mancha;Viviendas con  teléfono fijo;2008;74,0
Castilla-La Mancha;Viviendas con  teléfono fijo;2007;74,2
Castilla-La Mancha;Viviendas con  teléfono fijo;2006;77,4
Castilla-La Mancha;Viviendas con  teléfono móvil;2021;99,2
Castilla-La Mancha;Viviendas con  teléfono móvil;2020;99,7
Castilla-La Mancha;Viviendas con  teléfono móvil;2019;97,2
Castilla-La Mancha;Viviendas con  teléfono móvil;2018;97,4
Castilla-La Mancha;Viviendas con  teléfono móvil;2017;96,8
Castilla-La Mancha;Viviendas con  teléfono móvil;2016;96,3
Castilla-La Mancha;Viviendas con  teléfono móvil;2015;96,4
Castilla-La Mancha;Viviendas con  teléfono móvil;2014;94,9
Castilla-La Mancha;Viviendas con  teléfono móvil;2013;94,9
Castilla-La Mancha;Viviendas con  teléfono móvil;2012;94,6
Castilla-La Mancha;Viviendas con  teléfono móvil;2011;94,4
Castilla-La Mancha;Viviendas con  teléfono móvil;2010;92,4
Castilla-La Mancha;Viviendas con  teléfono móvil;2009;89,9
Castilla-La Mancha;Viviendas con  teléfono móvil;2008;87,3
Castilla-La Mancha;Viviendas con  teléfono móvil;2007;84,0
Castilla-La Mancha;Viviendas con  teléfono móvil;2006;85,5
Cataluña;Viviendas con algún tipo de ordenador;2021;87,8
Cataluña;Viviendas con algún tipo de ordenador;2020;86,4
Cataluña;Viviendas con algún tipo de ordenador;2019;84,9
Cataluña;Viviendas con algún tipo de ordenador;2018;82,2
Cataluña;Viviendas con algún tipo de ordenador;2017;81,2
Cataluña;Viviendas con algún tipo de ordenador;2016;80,9
Cataluña;Viviendas con algún tipo de ordenador;2015;79,4
Cataluña;Viviendas con algún tipo de ordenador;2014;78,7
Cataluña;Viviendas con algún tipo de ordenador;2013;74,7
Cataluña;Viviendas con algún tipo de ordenador;2012;75,2
Cataluña;Viviendas con algún tipo de ordenador;2011;74,9
Cataluña;Viviendas con algún tipo de ordenador;2010;71,6
Cataluña;Viviendas con algún tipo de ordenador;2009;71,9
Cataluña;Viviendas con algún tipo de ordenador;2008;70,0
Cataluña;Viviendas con algún tipo de ordenador;2007;64,3
Cataluña;Viviendas con algún tipo de ordenador;2006;60,2
Cataluña;Viviendas que disponen de acceso a Internet;2021;96,9
Cataluña;Viviendas que disponen de acceso a Internet;2020;96,7
Cataluña;Viviendas que disponen de acceso a Internet;2019;94,0
Cataluña;Viviendas que disponen de acceso a Internet;2018;87,7
Cataluña;Viviendas que disponen de acceso a Internet;2017;83,7
Cataluña;Viviendas que disponen de acceso a Internet;2016;82,9
Cataluña;Viviendas que disponen de acceso a Internet;2015;80,7
Cataluña;Viviendas que disponen de acceso a Internet;2014;77,6
Cataluña;Viviendas que disponen de acceso a Internet;2013;72,1
Cataluña;Viviendas que disponen de acceso a Internet;2012;70,3
Cataluña;Viviendas que disponen de acceso a Internet;2011;70,1
Cataluña;Viviendas que disponen de acceso a Internet;2010;66,9
Cataluña;Viviendas que disponen de acceso a Internet;2009;61,8
Cataluña;Viviendas que disponen de acceso a Internet;2008;59,2
Cataluña;Viviendas que disponen de acceso a Internet;2007;50,3
Cataluña;Viviendas que disponen de acceso a Internet;2006;45,6
Cataluña;Viviendas con conexión de Banda Ancha;2021;96,9
Cataluña;Viviendas con conexión de Banda Ancha;2020;96,6
Cataluña;Viviendas con conexión de Banda Ancha;2019;93,9
Cataluña;Viviendas con conexión de Banda Ancha;2018;87,2
Cataluña;Viviendas con conexión de Banda Ancha;2017;82,9
Cataluña;Viviendas con conexión de Banda Ancha;2016;82,3
Cataluña;Viviendas con conexión de Banda Ancha;2015;79,5
Cataluña;Viviendas con conexión de Banda Ancha;2014;76,4
Cataluña;Viviendas con conexión de Banda Ancha;2013;70,8
Cataluña;Viviendas con conexión de Banda Ancha;2012;69,3
Cataluña;Viviendas con conexión de Banda Ancha;2011;68,3
Cataluña;Viviendas con conexión de Banda Ancha;2010;65,7
Cataluña;Viviendas con conexión de Banda Ancha;2009;59,5
Cataluña;Viviendas con conexión de Banda Ancha;2008;51,7
Cataluña;Viviendas con conexión de Banda Ancha;2007;45,1
Cataluña;Viviendas con conexión de Banda Ancha;2006;35,8
Cataluña;Viviendas con  teléfono fijo;2021;72,8
Cataluña;Viviendas con  teléfono fijo;2020;77,2
Cataluña;Viviendas con  teléfono fijo;2019;79,8
Cataluña;Viviendas con  teléfono fijo;2018;81,8
Cataluña;Viviendas con  teléfono fijo;2017;84,6
Cataluña;Viviendas con  teléfono fijo;2016;84,9
Cataluña;Viviendas con  teléfono fijo;2015;82,8
Cataluña;Viviendas con  teléfono fijo;2014;82,1
Cataluña;Viviendas con  teléfono fijo;2013;82,0
Cataluña;Viviendas con  teléfono fijo;2012;82,1
Cataluña;Viviendas con  teléfono fijo;2011;86,8
Cataluña;Viviendas con  teléfono fijo;2010;87,3
Cataluña;Viviendas con  teléfono fijo;2009;86,4
Cataluña;Viviendas con  teléfono fijo;2008;86,5
Cataluña;Viviendas con  teléfono fijo;2007;85,3
Cataluña;Viviendas con  teléfono fijo;2006;85,5
Cataluña;Viviendas con  teléfono móvil;2021;99,3
Cataluña;Viviendas con  teléfono móvil;2020;99,6
Cataluña;Viviendas con  teléfono móvil;2019;98,4
Cataluña;Viviendas con  teléfono móvil;2018;97,7
Cataluña;Viviendas con  teléfono móvil;2017;96,9
Cataluña;Viviendas con  teléfono móvil;2016;96,7
Cataluña;Viviendas con  teléfono móvil;2015;96,2
Cataluña;Viviendas con  teléfono móvil;2014;97,1
Cataluña;Viviendas con  teléfono móvil;2013;96,1
Cataluña;Viviendas con  teléfono móvil;2012;96,6
Cataluña;Viviendas con  teléfono móvil;2011;95,8
Cataluña;Viviendas con  teléfono móvil;2010;94,7
Cataluña;Viviendas con  teléfono móvil;2009;94,2
Cataluña;Viviendas con  teléfono móvil;2008;93,8
Cataluña;Viviendas con  teléfono móvil;2007;92,0
Cataluña;Viviendas con  teléfono móvil;2006;89,4
Comunitat Valenciana;Viviendas con algún tipo de ordenador;2021;84,0
Comunitat Valenciana;Viviendas con algún tipo de ordenador;2020;81,1
Comunitat Valenciana;Viviendas con algún tipo de ordenador;2019;80,0
Comunitat Valenciana;Viviendas con algún tipo de ordenador;2018;79,9
Comunitat Valenciana;Viviendas con algún tipo de ordenador;2017;75,3
Comunitat Valenciana;Viviendas con algún tipo de ordenador;2016;73,9
Comunitat Valenciana;Viviendas con algún tipo de ordenador;2015;72,4
Comunitat Valenciana;Viviendas con algún tipo de ordenador;2014;69,6
Comunitat Valenciana;Viviendas con algún tipo de ordenador;2013;70,3
Comunitat Valenciana;Viviendas con algún tipo de ordenador;2012;68,1
Comunitat Valenciana;Viviendas con algún tipo de ordenador;2011;67,3
Comunitat Valenciana;Viviendas con algún tipo de ordenador;2010;64,2
Comunitat Valenciana;Viviendas con algún tipo de ordenador;2009;62,6
Comunitat Valenciana;Viviendas con algún tipo de ordenador;2008;59,4
Comunitat Valenciana;Viviendas con algún tipo de ordenador;2007;56,0
Comunitat Valenciana;Viviendas con algún tipo de ordenador;2006;52,3
Comunitat Valenciana;Viviendas que disponen de acceso a Internet;2021;96,8
Comunitat Valenciana;Viviendas que disponen de acceso a Internet;2020;95,8
Comunitat Valenciana;Viviendas que disponen de acceso a Internet;2019;90,6
Comunitat Valenciana;Viviendas que disponen de acceso a Internet;2018;86,8
Comunitat Valenciana;Viviendas que disponen de acceso a Internet;2017;82,0
Comunitat Valenciana;Viviendas que disponen de acceso a Internet;2016;80,7
Comunitat Valenciana;Viviendas que disponen de acceso a Internet;2015;75,4
Comunitat Valenciana;Viviendas que disponen de acceso a Internet;2014;70,6
Comunitat Valenciana;Viviendas que disponen de acceso a Internet;2013;67,1
Comunitat Valenciana;Viviendas que disponen de acceso a Internet;2012;60,1
Comunitat Valenciana;Viviendas que disponen de acceso a Internet;2011;59,0
Comunitat Valenciana;Viviendas que disponen de acceso a Internet;2010;52,8
Comunitat Valenciana;Viviendas que disponen de acceso a Internet;2009;48,9
Comunitat Valenciana;Viviendas que disponen de acceso a Internet;2008;47,2
Comunitat Valenciana;Viviendas que disponen de acceso a Internet;2007;41,4
Comunitat Valenciana;Viviendas que disponen de acceso a Internet;2006;32,7
Comunitat Valenciana;Viviendas con conexión de Banda Ancha;2021;96,8
Comunitat Valenciana;Viviendas con conexión de Banda Ancha;2020;95,7
Comunitat Valenciana;Viviendas con conexión de Banda Ancha;2019;90,5
Comunitat Valenciana;Viviendas con conexión de Banda Ancha;2018;86,7
Comunitat Valenciana;Viviendas con conexión de Banda Ancha;2017;81,2
Comunitat Valenciana;Viviendas con conexión de Banda Ancha;2016;79,9
Comunitat Valenciana;Viviendas con conexión de Banda Ancha;2015;74,3
Comunitat Valenciana;Viviendas con conexión de Banda Ancha;2014;69,8
Comunitat Valenciana;Viviendas con conexión de Banda Ancha;2013;66,4
Comunitat Valenciana;Viviendas con conexión de Banda Ancha;2012;58,8
Comunitat Valenciana;Viviendas con conexión de Banda Ancha;2011;57,9
Comunitat Valenciana;Viviendas con conexión de Banda Ancha;2010;50,8
Comunitat Valenciana;Viviendas con conexión de Banda Ancha;2009;46,0
Comunitat Valenciana;Viviendas con conexión de Banda Ancha;2008;41,5
Comunitat Valenciana;Viviendas con conexión de Banda Ancha;2007;35,5
Comunitat Valenciana;Viviendas con conexión de Banda Ancha;2006;23,7
Comunitat Valenciana;Viviendas con  teléfono fijo;2021;53,5
Comunitat Valenciana;Viviendas con  teléfono fijo;2020;59,5
Comunitat Valenciana;Viviendas con  teléfono fijo;2019;64,1
Comunitat Valenciana;Viviendas con  teléfono fijo;2018;66,3
Comunitat Valenciana;Viviendas con  teléfono fijo;2017;68,5
Comunitat Valenciana;Viviendas con  teléfono fijo;2016;68,7
Comunitat Valenciana;Viviendas con  teléfono fijo;2015;67,7
Comunitat Valenciana;Viviendas con  teléfono fijo;2014;68,8
Comunitat Valenciana;Viviendas con  teléfono fijo;2013;66,7
Comunitat Valenciana;Viviendas con  teléfono fijo;2012;70,7
Comunitat Valenciana;Viviendas con  teléfono fijo;2011;72,0
Comunitat Valenciana;Viviendas con  teléfono fijo;2010;71,6
Comunitat Valenciana;Viviendas con  teléfono fijo;2009;71,3
Comunitat Valenciana;Viviendas con  teléfono fijo;2008;75,2
Comunitat Valenciana;Viviendas con  teléfono fijo;2007;74,0
Comunitat Valenciana;Viviendas con  teléfono fijo;2006;77,2
Comunitat Valenciana;Viviendas con  teléfono móvil;2021;99,8
Comunitat Valenciana;Viviendas con  teléfono móvil;2020;99,9
Comunitat Valenciana;Viviendas con  teléfono móvil;2019;98,8
Comunitat Valenciana;Viviendas con  teléfono móvil;2018;98,6
Comunitat Valenciana;Viviendas con  teléfono móvil;2017;98,0
Comunitat Valenciana;Viviendas con  teléfono móvil;2016;97,3
Comunitat Valenciana;Viviendas con  teléfono móvil;2015;97,2
Comunitat Valenciana;Viviendas con  teléfono móvil;2014;96,5
Comunitat Valenciana;Viviendas con  teléfono móvil;2013;97,0
Comunitat Valenciana;Viviendas con  teléfono móvil;2012;96,0
Comunitat Valenciana;Viviendas con  teléfono móvil;2011;95,3
Comunitat Valenciana;Viviendas con  teléfono móvil;2010;96,4
Comunitat Valenciana;Viviendas con  teléfono móvil;2009;93,5
Comunitat Valenciana;Viviendas con  teléfono móvil;2008;92,6
Comunitat Valenciana;Viviendas con  teléfono móvil;2007;91,9
Comunitat Valenciana;Viviendas con  teléfono móvil;2006;87,8
Extremadura;Viviendas con algún tipo de ordenador;2021;76,7
Extremadura;Viviendas con algún tipo de ordenador;2020;76,4
Extremadura;Viviendas con algún tipo de ordenador;2019;74,7
Extremadura;Viviendas con algún tipo de ordenador;2018;72,1
Extremadura;Viviendas con algún tipo de ordenador;2017;70,4
Extremadura;Viviendas con algún tipo de ordenador;2016;69,1
Extremadura;Viviendas con algún tipo de ordenador;2015;66,9
Extremadura;Viviendas con algún tipo de ordenador;2014;67,9
Extremadura;Viviendas con algún tipo de ordenador;2013;66,6
Extremadura;Viviendas con algún tipo de ordenador;2012;65,0
Extremadura;Viviendas con algún tipo de ordenador;2011;61,3
Extremadura;Viviendas con algún tipo de ordenador;2010;59,1
Extremadura;Viviendas con algún tipo de ordenador;2009;56,9
Extremadura;Viviendas con algún tipo de ordenador;2008;51,7
Extremadura;Viviendas con algún tipo de ordenador;2007;44,9
Extremadura;Viviendas con algún tipo de ordenador;2006;44,0
Extremadura;Viviendas que disponen de acceso a Internet;2021;94,6
Extremadura;Viviendas que disponen de acceso a Internet;2020;94,2
Extremadura;Viviendas que disponen de acceso a Internet;2019;89,3
Extremadura;Viviendas que disponen de acceso a Internet;2018;78,6
Extremadura;Viviendas que disponen de acceso a Internet;2017;79,4
Extremadura;Viviendas que disponen de acceso a Internet;2016;79,6
Extremadura;Viviendas que disponen de acceso a Internet;2015;71,6
Extremadura;Viviendas que disponen de acceso a Internet;2014;68,0
Extremadura;Viviendas que disponen de acceso a Internet;2013;63,0
Extremadura;Viviendas que disponen de acceso a Internet;2012;58,4
Extremadura;Viviendas que disponen de acceso a Internet;2011;53,0
Extremadura;Viviendas que disponen de acceso a Internet;2010;46,0
Extremadura;Viviendas que disponen de acceso a Internet;2009;40,4
Extremadura;Viviendas que disponen de acceso a Internet;2008;41,7
Extremadura;Viviendas que disponen de acceso a Internet;2007;28,9
Extremadura;Viviendas que disponen de acceso a Internet;2006;23,0
Extremadura;Viviendas con conexión de Banda Ancha;2021;94,6
Extremadura;Viviendas con conexión de Banda Ancha;2020;94,2
Extremadura;Viviendas con conexión de Banda Ancha;2019;89,2
Extremadura;Viviendas con conexión de Banda Ancha;2018;78,4
Extremadura;Viviendas con conexión de Banda Ancha;2017;78,4
Extremadura;Viviendas con conexión de Banda Ancha;2016;78,3
Extremadura;Viviendas con conexión de Banda Ancha;2015;70,3
Extremadura;Viviendas con conexión de Banda Ancha;2014;62,2
Extremadura;Viviendas con conexión de Banda Ancha;2013;60,5
Extremadura;Viviendas con conexión de Banda Ancha;2012;56,4
Extremadura;Viviendas con conexión de Banda Ancha;2011;50,8
Extremadura;Viviendas con conexión de Banda Ancha;2010;44,5
Extremadura;Viviendas con conexión de Banda Ancha;2009;38,1
Extremadura;Viviendas con conexión de Banda Ancha;2008;34,3
Extremadura;Viviendas con conexión de Banda Ancha;2007;22,3
Extremadura;Viviendas con conexión de Banda Ancha;2006;15,6
Extremadura;Viviendas con  teléfono fijo;2021;55,8
Extremadura;Viviendas con  teléfono fijo;2020;60,4
Extremadura;Viviendas con  teléfono fijo;2019;64,9
Extremadura;Viviendas con  teléfono fijo;2018;67,0
Extremadura;Viviendas con  teléfono fijo;2017;66,2
Extremadura;Viviendas con  teléfono fijo;2016;68,6
Extremadura;Viviendas con  teléfono fijo;2015;70,8
Extremadura;Viviendas con  teléfono fijo;2014;70,4
Extremadura;Viviendas con  teléfono fijo;2013;69,7
Extremadura;Viviendas con  teléfono fijo;2012;69,9
Extremadura;Viviendas con  teléfono fijo;2011;68,4
Extremadura;Viviendas con  teléfono fijo;2010;68,0
Extremadura;Viviendas con  teléfono fijo;2009;67,4
Extremadura;Viviendas con  teléfono fijo;2008;72,1
Extremadura;Viviendas con  teléfono fijo;2007;72,0
Extremadura;Viviendas con  teléfono fijo;2006;77,8
Extremadura;Viviendas con  teléfono móvil;2021;99,2
Extremadura;Viviendas con  teléfono móvil;2020;99,3
Extremadura;Viviendas con  teléfono móvil;2019;98,5
Extremadura;Viviendas con  teléfono móvil;2018;97,4
Extremadura;Viviendas con  teléfono móvil;2017;97,4
Extremadura;Viviendas con  teléfono móvil;2016;96,6
Extremadura;Viviendas con  teléfono móvil;2015;96,3
Extremadura;Viviendas con  teléfono móvil;2014;94,4
Extremadura;Viviendas con  teléfono móvil;2013;95,9
Extremadura;Viviendas con  teléfono móvil;2012;94,8
Extremadura;Viviendas con  teléfono móvil;2011;91,5
Extremadura;Viviendas con  teléfono móvil;2010;91,4
Extremadura;Viviendas con  teléfono móvil;2009;91,2
Extremadura;Viviendas con  teléfono móvil;2008;90,5
Extremadura;Viviendas con  teléfono móvil;2007;86,7
Extremadura;Viviendas con  teléfono móvil;2006;83,0
Galicia;Viviendas con algún tipo de ordenador;2021;78,7
Galicia;Viviendas con algún tipo de ordenador;2020;72,1
Galicia;Viviendas con algún tipo de ordenador;2019;73,3
Galicia;Viviendas con algún tipo de ordenador;2018;74,3
Galicia;Viviendas con algún tipo de ordenador;2017;74,6
Galicia;Viviendas con algún tipo de ordenador;2016;74,3
Galicia;Viviendas con algún tipo de ordenador;2015;73,1
Galicia;Viviendas con algún tipo de ordenador;2014;72,6
Galicia;Viviendas con algún tipo de ordenador;2013;68,4
Galicia;Viviendas con algún tipo de ordenador;2012;67,2
Galicia;Viviendas con algún tipo de ordenador;2011;64,5
Galicia;Viviendas con algún tipo de ordenador;2010;60,7
Galicia;Viviendas con algún tipo de ordenador;2009;57,9
Galicia;Viviendas con algún tipo de ordenador;2008;52,4
Galicia;Viviendas con algún tipo de ordenador;2007;50,8
Galicia;Viviendas con algún tipo de ordenador;2006;50,0
Galicia;Viviendas que disponen de acceso a Internet;2021;93,3
Galicia;Viviendas que disponen de acceso a Internet;2020;92,4
Galicia;Viviendas que disponen de acceso a Internet;2019;88,8
Galicia;Viviendas que disponen de acceso a Internet;2018;82,6
Galicia;Viviendas que disponen de acceso a Internet;2017;78,8
Galicia;Viviendas que disponen de acceso a Internet;2016;78,7
Galicia;Viviendas que disponen de acceso a Internet;2015;75,6
Galicia;Viviendas que disponen de acceso a Internet;2014;69,6
Galicia;Viviendas que disponen de acceso a Internet;2013;64,6
Galicia;Viviendas que disponen de acceso a Internet;2012;62,3
Galicia;Viviendas que disponen de acceso a Internet;2011;52,7
Galicia;Viviendas que disponen de acceso a Internet;2010;48,3
Galicia;Viviendas que disponen de acceso a Internet;2009;41,8
Galicia;Viviendas que disponen de acceso a Internet;2008;38,9
Galicia;Viviendas que disponen de acceso a Internet;2007;32,0
Galicia;Viviendas que disponen de acceso a Internet;2006;29,7
Galicia;Viviendas con conexión de Banda Ancha;2021;93,2
Galicia;Viviendas con conexión de Banda Ancha;2020;92,0
Galicia;Viviendas con conexión de Banda Ancha;2019;88,1
Galicia;Viviendas con conexión de Banda Ancha;2018;82,1
Galicia;Viviendas con conexión de Banda Ancha;2017;78,4
Galicia;Viviendas con conexión de Banda Ancha;2016;78,1
Galicia;Viviendas con conexión de Banda Ancha;2015;75,2
Galicia;Viviendas con conexión de Banda Ancha;2014;69,1
Galicia;Viviendas con conexión de Banda Ancha;2013;63,9
Galicia;Viviendas con conexión de Banda Ancha;2012;61,6
Galicia;Viviendas con conexión de Banda Ancha;2011;51,0
Galicia;Viviendas con conexión de Banda Ancha;2010;45,9
Galicia;Viviendas con conexión de Banda Ancha;2009;37,8
Galicia;Viviendas con conexión de Banda Ancha;2008;31,2
Galicia;Viviendas con conexión de Banda Ancha;2007;25,5
Galicia;Viviendas con conexión de Banda Ancha;2006;19,5
Galicia;Viviendas con  teléfono fijo;2021;65,9
Galicia;Viviendas con  teléfono fijo;2020;71,2
Galicia;Viviendas con  teléfono fijo;2019;72,3
Galicia;Viviendas con  teléfono fijo;2018;74,5
Galicia;Viviendas con  teléfono fijo;2017;75,3
Galicia;Viviendas con  teléfono fijo;2016;78,1
Galicia;Viviendas con  teléfono fijo;2015;78,5
Galicia;Viviendas con  teléfono fijo;2014;79,2
Galicia;Viviendas con  teléfono fijo;2013;79,1
Galicia;Viviendas con  teléfono fijo;2012;78,2
Galicia;Viviendas con  teléfono fijo;2011;79,3
Galicia;Viviendas con  teléfono fijo;2010;78,3
Galicia;Viviendas con  teléfono fijo;2009;80,6
Galicia;Viviendas con  teléfono fijo;2008;81,5
Galicia;Viviendas con  teléfono fijo;2007;80,4
Galicia;Viviendas con  teléfono fijo;2006;83,6
Galicia;Viviendas con  teléfono móvil;2021;99,0
Galicia;Viviendas con  teléfono móvil;2020;99,4
Galicia;Viviendas con  teléfono móvil;2019;98,2
Galicia;Viviendas con  teléfono móvil;2018;97,9
Galicia;Viviendas con  teléfono móvil;2017;97,0
Galicia;Viviendas con  teléfono móvil;2016;96,8
Galicia;Viviendas con  teléfono móvil;2015;95,9
Galicia;Viviendas con  teléfono móvil;2014;95,4
Galicia;Viviendas con  teléfono móvil;2013;95,0
Galicia;Viviendas con  teléfono móvil;2012;94,6
Galicia;Viviendas con  teléfono móvil;2011;92,0
Galicia;Viviendas con  teléfono móvil;2010;91,4
Galicia;Viviendas con  teléfono móvil;2009;89,5
Galicia;Viviendas con  teléfono móvil;2008;86,3
Galicia;Viviendas con  teléfono móvil;2007;86,2
Galicia;Viviendas con  teléfono móvil;2006;82,0
Madrid (Comunidad de);Viviendas con algún tipo de ordenador;2021;89,2
Madrid (Comunidad de);Viviendas con algún tipo de ordenador;2020;86,7
Madrid (Comunidad de);Viviendas con algún tipo de ordenador;2019;87,8
Madrid (Comunidad de);Viviendas con algún tipo de ordenador;2018;86,5
Madrid (Comunidad de);Viviendas con algún tipo de ordenador;2017;86,5
Madrid (Comunidad de);Viviendas con algún tipo de ordenador;2016;85,3
Madrid (Comunidad de);Viviendas con algún tipo de ordenador;2015;84,9
Madrid (Comunidad de);Viviendas con algún tipo de ordenador;2014;82,9
Madrid (Comunidad de);Viviendas con algún tipo de ordenador;2013;82,5
Madrid (Comunidad de);Viviendas con algún tipo de ordenador;2012;80,3
Madrid (Comunidad de);Viviendas con algún tipo de ordenador;2011;76,5
Madrid (Comunidad de);Viviendas con algún tipo de ordenador;2010;73,9
Madrid (Comunidad de);Viviendas con algún tipo de ordenador;2009;71,9
Madrid (Comunidad de);Viviendas con algún tipo de ordenador;2008;70,8
Madrid (Comunidad de);Viviendas con algún tipo de ordenador;2007;69,4
Madrid (Comunidad de);Viviendas con algún tipo de ordenador;2006;66,8
Madrid (Comunidad de);Viviendas que disponen de acceso a Internet;2021;97,5
Madrid (Comunidad de);Viviendas que disponen de acceso a Internet;2020;97,1
Madrid (Comunidad de);Viviendas que disponen de acceso a Internet;2019;94,5
Madrid (Comunidad de);Viviendas que disponen de acceso a Internet;2018;91,5
Madrid (Comunidad de);Viviendas que disponen de acceso a Internet;2017;88,9
Madrid (Comunidad de);Viviendas que disponen de acceso a Internet;2016;88,3
Madrid (Comunidad de);Viviendas que disponen de acceso a Internet;2015;86,4
Madrid (Comunidad de);Viviendas que disponen de acceso a Internet;2014;83,1
Madrid (Comunidad de);Viviendas que disponen de acceso a Internet;2013;79,8
Madrid (Comunidad de);Viviendas que disponen de acceso a Internet;2012;77,3
Madrid (Comunidad de);Viviendas que disponen de acceso a Internet;2011;71,4
Madrid (Comunidad de);Viviendas que disponen de acceso a Internet;2010;66,0
Madrid (Comunidad de);Viviendas que disponen de acceso a Internet;2009;63,5
Madrid (Comunidad de);Viviendas que disponen de acceso a Internet;2008;61,2
Madrid (Comunidad de);Viviendas que disponen de acceso a Internet;2007;55,8
Madrid (Comunidad de);Viviendas que disponen de acceso a Internet;2006;49,4
Madrid (Comunidad de);Viviendas con conexión de Banda Ancha;2021;97,5
Madrid (Comunidad de);Viviendas con conexión de Banda Ancha;2020;97,1
Madrid (Comunidad de);Viviendas con conexión de Banda Ancha;2019;94,5
Madrid (Comunidad de);Viviendas con conexión de Banda Ancha;2018;91,4
Madrid (Comunidad de);Viviendas con conexión de Banda Ancha;2017;88,5
Madrid (Comunidad de);Viviendas con conexión de Banda Ancha;2016;87,5
Madrid (Comunidad de);Viviendas con conexión de Banda Ancha;2015;85,7
Madrid (Comunidad de);Viviendas con conexión de Banda Ancha;2014;82,9
Madrid (Comunidad de);Viviendas con conexión de Banda Ancha;2013;78,4
Madrid (Comunidad de);Viviendas con conexión de Banda Ancha;2012;76,6
Madrid (Comunidad de);Viviendas con conexión de Banda Ancha;2011;70,5
Madrid (Comunidad de);Viviendas con conexión de Banda Ancha;2010;65,1
Madrid (Comunidad de);Viviendas con conexión de Banda Ancha;2009;61,7
Madrid (Comunidad de);Viviendas con conexión de Banda Ancha;2008;56,7
Madrid (Comunidad de);Viviendas con conexión de Banda Ancha;2007;51,1
Madrid (Comunidad de);Viviendas con conexión de Banda Ancha;2006;38,8
Madrid (Comunidad de);Viviendas con  teléfono fijo;2021;81,4
Madrid (Comunidad de);Viviendas con  teléfono fijo;2020;82,3
Madrid (Comunidad de);Viviendas con  teléfono fijo;2019;87,4
Madrid (Comunidad de);Viviendas con  teléfono fijo;2018;87,0
Madrid (Comunidad de);Viviendas con  teléfono fijo;2017;88,1
Madrid (Comunidad de);Viviendas con  teléfono fijo;2016;88,1
Madrid (Comunidad de);Viviendas con  teléfono fijo;2015;89,1
Madrid (Comunidad de);Viviendas con  teléfono fijo;2014;90,1
Madrid (Comunidad de);Viviendas con  teléfono fijo;2013;90,7
Madrid (Comunidad de);Viviendas con  teléfono fijo;2012;91,1
Madrid (Comunidad de);Viviendas con  teléfono fijo;2011;91,0
Madrid (Comunidad de);Viviendas con  teléfono fijo;2010;88,9
Madrid (Comunidad de);Viviendas con  teléfono fijo;2009;88,3
Madrid (Comunidad de);Viviendas con  teléfono fijo;2008;88,1
Madrid (Comunidad de);Viviendas con  teléfono fijo;2007;88,7
Madrid (Comunidad de);Viviendas con  teléfono fijo;2006;90,1
Madrid (Comunidad de);Viviendas con  teléfono móvil;2021;99,7
Madrid (Comunidad de);Viviendas con  teléfono móvil;2020;99,6
Madrid (Comunidad de);Viviendas con  teléfono móvil;2019;99,1
Madrid (Comunidad de);Viviendas con  teléfono móvil;2018;98,5
Madrid (Comunidad de);Viviendas con  teléfono móvil;2017;98,8
Madrid (Comunidad de);Viviendas con  teléfono móvil;2016;98,6
Madrid (Comunidad de);Viviendas con  teléfono móvil;2015;98,1
Madrid (Comunidad de);Viviendas con  teléfono móvil;2014;98,2
Madrid (Comunidad de);Viviendas con  teléfono móvil;2013;97,4
Madrid (Comunidad de);Viviendas con  teléfono móvil;2012;96,7
Madrid (Comunidad de);Viviendas con  teléfono móvil;2011;96,2
Madrid (Comunidad de);Viviendas con  teléfono móvil;2010;96,6
Madrid (Comunidad de);Viviendas con  teléfono móvil;2009;95,9
Madrid (Comunidad de);Viviendas con  teléfono móvil;2008;94,8
Madrid (Comunidad de);Viviendas con  teléfono móvil;2007;94,2
Madrid (Comunidad de);Viviendas con  teléfono móvil;2006;91,9
Murcia (Región de);Viviendas con algún tipo de ordenador;2021;84,9
Murcia (Región de);Viviendas con algún tipo de ordenador;2020;79,5
Murcia (Región de);Viviendas con algún tipo de ordenador;2019;78,1
Murcia (Región de);Viviendas con algún tipo de ordenador;2018;77,1
Murcia (Región de);Viviendas con algún tipo de ordenador;2017;77,6
Murcia (Región de);Viviendas con algún tipo de ordenador;2016;74,5
Murcia (Región de);Viviendas con algún tipo de ordenador;2015;72,8
Murcia (Región de);Viviendas con algún tipo de ordenador;2014;72,7
Murcia (Región de);Viviendas con algún tipo de ordenador;2013;70,4
Murcia (Región de);Viviendas con algún tipo de ordenador;2012;70,9
Murcia (Región de);Viviendas con algún tipo de ordenador;2011;68,7
Murcia (Región de);Viviendas con algún tipo de ordenador;2010;66,4
Murcia (Región de);Viviendas con algún tipo de ordenador;2009;62,1
Murcia (Región de);Viviendas con algún tipo de ordenador;2008;55,9
Murcia (Región de);Viviendas con algún tipo de ordenador;2007;55,8
Murcia (Región de);Viviendas con algún tipo de ordenador;2006;55,8
Murcia (Región de);Viviendas que disponen de acceso a Internet;2021;96,9
Murcia (Región de);Viviendas que disponen de acceso a Internet;2020;94,4
Murcia (Región de);Viviendas que disponen de acceso a Internet;2019;91,3
Murcia (Región de);Viviendas que disponen de acceso a Internet;2018;87,4
Murcia (Región de);Viviendas que disponen de acceso a Internet;2017;86,0
Murcia (Región de);Viviendas que disponen de acceso a Internet;2016;81,4
Murcia (Región de);Viviendas que disponen de acceso a Internet;2015;78,9
Murcia (Región de);Viviendas que disponen de acceso a Internet;2014;72,8
Murcia (Región de);Viviendas que disponen de acceso a Internet;2013;66,3
Murcia (Región de);Viviendas que disponen de acceso a Internet;2012;62,9
Murcia (Región de);Viviendas que disponen de acceso a Internet;2011;58,8
Murcia (Región de);Viviendas que disponen de acceso a Internet;2010;52,6
Murcia (Región de);Viviendas que disponen de acceso a Internet;2009;46,3
Murcia (Región de);Viviendas que disponen de acceso a Internet;2008;41,3
Murcia (Región de);Viviendas que disponen de acceso a Internet;2007;35,4
Murcia (Región de);Viviendas que disponen de acceso a Internet;2006;33,3
Murcia (Región de);Viviendas con conexión de Banda Ancha;2021;96,9
Murcia (Región de);Viviendas con conexión de Banda Ancha;2020;94,4
Murcia (Región de);Viviendas con conexión de Banda Ancha;2019;91,0
Murcia (Región de);Viviendas con conexión de Banda Ancha;2018;87,4
Murcia (Región de);Viviendas con conexión de Banda Ancha;2017;84,7
Murcia (Región de);Viviendas con conexión de Banda Ancha;2016;81,0
Murcia (Región de);Viviendas con conexión de Banda Ancha;2015;77,7
Murcia (Región de);Viviendas con conexión de Banda Ancha;2014;72,0
Murcia (Región de);Viviendas con conexión de Banda Ancha;2013;66,1
Murcia (Región de);Viviendas con conexión de Banda Ancha;2012;62,2
Murcia (Región de);Viviendas con conexión de Banda Ancha;2011;57,9
Murcia (Región de);Viviendas con conexión de Banda Ancha;2010;50,5
Murcia (Región de);Viviendas con conexión de Banda Ancha;2009;43,8
Murcia (Región de);Viviendas con conexión de Banda Ancha;2008;35,0
Murcia (Región de);Viviendas con conexión de Banda Ancha;2007;30,9
Murcia (Región de);Viviendas con conexión de Banda Ancha;2006;25,3
Murcia (Región de);Viviendas con  teléfono fijo;2021;47,8
Murcia (Región de);Viviendas con  teléfono fijo;2020;53,0
Murcia (Región de);Viviendas con  teléfono fijo;2019;52,5
Murcia (Región de);Viviendas con  teléfono fijo;2018;54,1
Murcia (Región de);Viviendas con  teléfono fijo;2017;58,7
Murcia (Región de);Viviendas con  teléfono fijo;2016;56,7
Murcia (Región de);Viviendas con  teléfono fijo;2015;56,6
Murcia (Región de);Viviendas con  teléfono fijo;2014;58,5
Murcia (Región de);Viviendas con  teléfono fijo;2013;56,9
Murcia (Región de);Viviendas con  teléfono fijo;2012;63,7
Murcia (Región de);Viviendas con  teléfono fijo;2011;66,1
Murcia (Región de);Viviendas con  teléfono fijo;2010;65,2
Murcia (Región de);Viviendas con  teléfono fijo;2009;66,4
Murcia (Región de);Viviendas con  teléfono fijo;2008;69,8
Murcia (Región de);Viviendas con  teléfono fijo;2007;71,3
Murcia (Región de);Viviendas con  teléfono fijo;2006;76,2
Murcia (Región de);Viviendas con  teléfono móvil;2021;99,4
Murcia (Región de);Viviendas con  teléfono móvil;2020;98,3
Murcia (Región de);Viviendas con  teléfono móvil;2019;98,9
Murcia (Región de);Viviendas con  teléfono móvil;2018;98,4
Murcia (Región de);Viviendas con  teléfono móvil;2017;98,3
Murcia (Región de);Viviendas con  teléfono móvil;2016;97,1
Murcia (Región de);Viviendas con  teléfono móvil;2015;97,8
Murcia (Región de);Viviendas con  teléfono móvil;2014;96,9
Murcia (Región de);Viviendas con  teléfono móvil;2013;96,5
Murcia (Región de);Viviendas con  teléfono móvil;2012;96,6
Murcia (Región de);Viviendas con  teléfono móvil;2011;96,6
Murcia (Región de);Viviendas con  teléfono móvil;2010;95,5
Murcia (Región de);Viviendas con  teléfono móvil;2009;93,5
Murcia (Región de);Viviendas con  teléfono móvil;2008;91,8
Murcia (Región de);Viviendas con  teléfono móvil;2007;91,0
Murcia (Región de);Viviendas con  teléfono móvil;2006;89,6
Navarra (Comunidad Foral de);Viviendas con algún tipo de ordenador;2021;87,3
Navarra (Comunidad Foral de);Viviendas con algún tipo de ordenador;2020;86,3
Navarra (Comunidad Foral de);Viviendas con algún tipo de ordenador;2019;87,5
Navarra (Comunidad Foral de);Viviendas con algún tipo de ordenador;2018;84,1
Navarra (Comunidad Foral de);Viviendas con algún tipo de ordenador;2017;82,6
Navarra (Comunidad Foral de);Viviendas con algún tipo de ordenador;2016;80,1
Navarra (Comunidad Foral de);Viviendas con algún tipo de ordenador;2015;78,2
Navarra (Comunidad Foral de);Viviendas con algún tipo de ordenador;2014;75,6
Navarra (Comunidad Foral de);Viviendas con algún tipo de ordenador;2013;72,4
Navarra (Comunidad Foral de);Viviendas con algún tipo de ordenador;2012;74,5
Navarra (Comunidad Foral de);Viviendas con algún tipo de ordenador;2011;72,7
Navarra (Comunidad Foral de);Viviendas con algún tipo de ordenador;2010;71,2
Navarra (Comunidad Foral de);Viviendas con algún tipo de ordenador;2009;69,6
Navarra (Comunidad Foral de);Viviendas con algún tipo de ordenador;2008;66,0
Navarra (Comunidad Foral de);Viviendas con algún tipo de ordenador;2007;62,5
Navarra (Comunidad Foral de);Viviendas con algún tipo de ordenador;2006;56,5
Navarra (Comunidad Foral de);Viviendas que disponen de acceso a Internet;2021;96,2
Navarra (Comunidad Foral de);Viviendas que disponen de acceso a Internet;2020;96,5
Navarra (Comunidad Foral de);Viviendas que disponen de acceso a Internet;2019;95,0
Navarra (Comunidad Foral de);Viviendas que disponen de acceso a Internet;2018;87,2
Navarra (Comunidad Foral de);Viviendas que disponen de acceso a Internet;2017;88,3
Navarra (Comunidad Foral de);Viviendas que disponen de acceso a Internet;2016;82,5
Navarra (Comunidad Foral de);Viviendas que disponen de acceso a Internet;2015;80,8
Navarra (Comunidad Foral de);Viviendas que disponen de acceso a Internet;2014;76,0
Navarra (Comunidad Foral de);Viviendas que disponen de acceso a Internet;2013;71,5
Navarra (Comunidad Foral de);Viviendas que disponen de acceso a Internet;2012;68,2
Navarra (Comunidad Foral de);Viviendas que disponen de acceso a Internet;2011;65,7
Navarra (Comunidad Foral de);Viviendas que disponen de acceso a Internet;2010;61,1
Navarra (Comunidad Foral de);Viviendas que disponen de acceso a Internet;2009;56,5
Navarra (Comunidad Foral de);Viviendas que disponen de acceso a Internet;2008;55,5
Navarra (Comunidad Foral de);Viviendas que disponen de acceso a Internet;2007;48,4
Navarra (Comunidad Foral de);Viviendas que disponen de acceso a Internet;2006;40,8
Navarra (Comunidad Foral de);Viviendas con conexión de Banda Ancha;2021;96,2
Navarra (Comunidad Foral de);Viviendas con conexión de Banda Ancha;2020;96,5
Navarra (Comunidad Foral de);Viviendas con conexión de Banda Ancha;2019;94,5
Navarra (Comunidad Foral de);Viviendas con conexión de Banda Ancha;2018;86,6
Navarra (Comunidad Foral de);Viviendas con conexión de Banda Ancha;2017;87,7
Navarra (Comunidad Foral de);Viviendas con conexión de Banda Ancha;2016;81,6
Navarra (Comunidad Foral de);Viviendas con conexión de Banda Ancha;2015;79,6
Navarra (Comunidad Foral de);Viviendas con conexión de Banda Ancha;2014;76,0
Navarra (Comunidad Foral de);Viviendas con conexión de Banda Ancha;2013;70,6
Navarra (Comunidad Foral de);Viviendas con conexión de Banda Ancha;2012;67,7
Navarra (Comunidad Foral de);Viviendas con conexión de Banda Ancha;2011;62,1
Navarra (Comunidad Foral de);Viviendas con conexión de Banda Ancha;2010;58,2
Navarra (Comunidad Foral de);Viviendas con conexión de Banda Ancha;2009;51,4
Navarra (Comunidad Foral de);Viviendas con conexión de Banda Ancha;2008;43,8
Navarra (Comunidad Foral de);Viviendas con conexión de Banda Ancha;2007;39,6
Navarra (Comunidad Foral de);Viviendas con conexión de Banda Ancha;2006;25,5
Navarra (Comunidad Foral de);Viviendas con  teléfono fijo;2021;69,2
Navarra (Comunidad Foral de);Viviendas con  teléfono fijo;2020;75,0
Navarra (Comunidad Foral de);Viviendas con  teléfono fijo;2019;81,6
Navarra (Comunidad Foral de);Viviendas con  teléfono fijo;2018;84,1
Navarra (Comunidad Foral de);Viviendas con  teléfono fijo;2017;82,6
Navarra (Comunidad Foral de);Viviendas con  teléfono fijo;2016;85,3
Navarra (Comunidad Foral de);Viviendas con  teléfono fijo;2015;83,0
Navarra (Comunidad Foral de);Viviendas con  teléfono fijo;2014;85,4
Navarra (Comunidad Foral de);Viviendas con  teléfono fijo;2013;86,2
Navarra (Comunidad Foral de);Viviendas con  teléfono fijo;2012;84,0
Navarra (Comunidad Foral de);Viviendas con  teléfono fijo;2011;83,3
Navarra (Comunidad Foral de);Viviendas con  teléfono fijo;2010;84,1
Navarra (Comunidad Foral de);Viviendas con  teléfono fijo;2009;86,5
Navarra (Comunidad Foral de);Viviendas con  teléfono fijo;2008;87,8
Navarra (Comunidad Foral de);Viviendas con  teléfono fijo;2007;89,8
Navarra (Comunidad Foral de);Viviendas con  teléfono fijo;2006;91,1
Navarra (Comunidad Foral de);Viviendas con  teléfono móvil;2021;99,6
Navarra (Comunidad Foral de);Viviendas con  teléfono móvil;2020;99,3
Navarra (Comunidad Foral de);Viviendas con  teléfono móvil;2019;99,6
Navarra (Comunidad Foral de);Viviendas con  teléfono móvil;2018;99,3
Navarra (Comunidad Foral de);Viviendas con  teléfono móvil;2017;97,8
Navarra (Comunidad Foral de);Viviendas con  teléfono móvil;2016;96,5
Navarra (Comunidad Foral de);Viviendas con  teléfono móvil;2015;96,8
Navarra (Comunidad Foral de);Viviendas con  teléfono móvil;2014;95,9
Navarra (Comunidad Foral de);Viviendas con  teléfono móvil;2013;95,9
Navarra (Comunidad Foral de);Viviendas con  teléfono móvil;2012;95,3
Navarra (Comunidad Foral de);Viviendas con  teléfono móvil;2011;96,4
Navarra (Comunidad Foral de);Viviendas con  teléfono móvil;2010;95,9
Navarra (Comunidad Foral de);Viviendas con  teléfono móvil;2009;94,6
Navarra (Comunidad Foral de);Viviendas con  teléfono móvil;2008;92,7
Navarra (Comunidad Foral de);Viviendas con  teléfono móvil;2007;89,7
Navarra (Comunidad Foral de);Viviendas con  teléfono móvil;2006;86,4
País Vasco;Viviendas con algún tipo de ordenador;2021;85,5
País Vasco;Viviendas con algún tipo de ordenador;2020;84,6
País Vasco;Viviendas con algún tipo de ordenador;2019;83,2
País Vasco;Viviendas con algún tipo de ordenador;2018;84,3
País Vasco;Viviendas con algún tipo de ordenador;2017;81,7
País Vasco;Viviendas con algún tipo de ordenador;2016;80,5
País Vasco;Viviendas con algún tipo de ordenador;2015;79,7
País Vasco;Viviendas con algún tipo de ordenador;2014;77,8
País Vasco;Viviendas con algún tipo de ordenador;2013;74,6
País Vasco;Viviendas con algún tipo de ordenador;2012;74,8
País Vasco;Viviendas con algún tipo de ordenador;2011;74,0
País Vasco;Viviendas con algún tipo de ordenador;2010;71,4
País Vasco;Viviendas con algún tipo de ordenador;2009;68,1
País Vasco;Viviendas con algún tipo de ordenador;2008;66,2
País Vasco;Viviendas con algún tipo de ordenador;2007;63,3
País Vasco;Viviendas con algún tipo de ordenador;2006;60,2
País Vasco;Viviendas que disponen de acceso a Internet;2021;95,5
País Vasco;Viviendas que disponen de acceso a Internet;2020;95,5
País Vasco;Viviendas que disponen de acceso a Internet;2019;91,5
País Vasco;Viviendas que disponen de acceso a Internet;2018;89,1
País Vasco;Viviendas que disponen de acceso a Internet;2017;86,8
País Vasco;Viviendas que disponen de acceso a Internet;2016;82,6
País Vasco;Viviendas que disponen de acceso a Internet;2015;82,8
País Vasco;Viviendas que disponen de acceso a Internet;2014;77,8
País Vasco;Viviendas que disponen de acceso a Internet;2013;73,4
País Vasco;Viviendas que disponen de acceso a Internet;2012;70,7
País Vasco;Viviendas que disponen de acceso a Internet;2011;66,8
País Vasco;Viviendas que disponen de acceso a Internet;2010;63,9
País Vasco;Viviendas que disponen de acceso a Internet;2009;59,6
País Vasco;Viviendas que disponen de acceso a Internet;2008;56,9
País Vasco;Viviendas que disponen de acceso a Internet;2007;49,8
País Vasco;Viviendas que disponen de acceso a Internet;2006;45,2
País Vasco;Viviendas con conexión de Banda Ancha;2021;95,5
País Vasco;Viviendas con conexión de Banda Ancha;2020;95,5
País Vasco;Viviendas con conexión de Banda Ancha;2019;91,4
País Vasco;Viviendas con conexión de Banda Ancha;2018;89,0
País Vasco;Viviendas con conexión de Banda Ancha;2017;86,3
País Vasco;Viviendas con conexión de Banda Ancha;2016;82,2
País Vasco;Viviendas con conexión de Banda Ancha;2015;82,8
País Vasco;Viviendas con conexión de Banda Ancha;2014;76,6
País Vasco;Viviendas con conexión de Banda Ancha;2013;72,6
País Vasco;Viviendas con conexión de Banda Ancha;2012;70,4
País Vasco;Viviendas con conexión de Banda Ancha;2011;64,1
País Vasco;Viviendas con conexión de Banda Ancha;2010;62,5
País Vasco;Viviendas con conexión de Banda Ancha;2009;55,0
País Vasco;Viviendas con conexión de Banda Ancha;2008;43,6
País Vasco;Viviendas con conexión de Banda Ancha;2007;39,8
País Vasco;Viviendas con conexión de Banda Ancha;2006;29,1
País Vasco;Viviendas con  teléfono fijo;2021;77,1
País Vasco;Viviendas con  teléfono fijo;2020;79,8
País Vasco;Viviendas con  teléfono fijo;2019;82,7
País Vasco;Viviendas con  teléfono fijo;2018;83,3
País Vasco;Viviendas con  teléfono fijo;2017;82,9
País Vasco;Viviendas con  teléfono fijo;2016;84,2
País Vasco;Viviendas con  teléfono fijo;2015;85,8
País Vasco;Viviendas con  teléfono fijo;2014;84,6
País Vasco;Viviendas con  teléfono fijo;2013;86,1
País Vasco;Viviendas con  teléfono fijo;2012;87,5
País Vasco;Viviendas con  teléfono fijo;2011;87,5
País Vasco;Viviendas con  teléfono fijo;2010;89,5
País Vasco;Viviendas con  teléfono fijo;2009;90,0
País Vasco;Viviendas con  teléfono fijo;2008;92,5
País Vasco;Viviendas con  teléfono fijo;2007;90,9
País Vasco;Viviendas con  teléfono fijo;2006;91,5
País Vasco;Viviendas con  teléfono móvil;2021;99,9
País Vasco;Viviendas con  teléfono móvil;2020;99,7
País Vasco;Viviendas con  teléfono móvil;2019;98,9
País Vasco;Viviendas con  teléfono móvil;2018;98,6
País Vasco;Viviendas con  teléfono móvil;2017;98,4
País Vasco;Viviendas con  teléfono móvil;2016;98,8
País Vasco;Viviendas con  teléfono móvil;2015;98,8
País Vasco;Viviendas con  teléfono móvil;2014;98,6
País Vasco;Viviendas con  teléfono móvil;2013;97,1
País Vasco;Viviendas con  teléfono móvil;2012;95,6
País Vasco;Viviendas con  teléfono móvil;2011;96,2
País Vasco;Viviendas con  teléfono móvil;2010;95,1
País Vasco;Viviendas con  teléfono móvil;2009;94,6
País Vasco;Viviendas con  teléfono móvil;2008;91,8
País Vasco;Viviendas con  teléfono móvil;2007;91,5
País Vasco;Viviendas con  teléfono móvil;2006;91,2
Rioja (La);Viviendas con algún tipo de ordenador;2021;80,6
Rioja (La);Viviendas con algún tipo de ordenador;2020;77,7
Rioja (La);Viviendas con algún tipo de ordenador;2019;78,4
Rioja (La);Viviendas con algún tipo de ordenador;2018;76,3
Rioja (La);Viviendas con algún tipo de ordenador;2017;74,4
Rioja (La);Viviendas con algún tipo de ordenador;2016;74,4
Rioja (La);Viviendas con algún tipo de ordenador;2015;73,5
Rioja (La);Viviendas con algún tipo de ordenador;2014;72,0
Rioja (La);Viviendas con algún tipo de ordenador;2013;71,8
Rioja (La);Viviendas con algún tipo de ordenador;2012;69,5
Rioja (La);Viviendas con algún tipo de ordenador;2011;67,3
Rioja (La);Viviendas con algún tipo de ordenador;2010;62,6
Rioja (La);Viviendas con algún tipo de ordenador;2009;60,0
Rioja (La);Viviendas con algún tipo de ordenador;2008;61,3
Rioja (La);Viviendas con algún tipo de ordenador;2007;54,0
Rioja (La);Viviendas con algún tipo de ordenador;2006;51,1
Rioja (La);Viviendas que disponen de acceso a Internet;2021;94,9
Rioja (La);Viviendas que disponen de acceso a Internet;2020;93,6
Rioja (La);Viviendas que disponen de acceso a Internet;2019;90,6
Rioja (La);Viviendas que disponen de acceso a Internet;2018;82,5
Rioja (La);Viviendas que disponen de acceso a Internet;2017;81,0
Rioja (La);Viviendas que disponen de acceso a Internet;2016;79,2
Rioja (La);Viviendas que disponen de acceso a Internet;2015;75,2
Rioja (La);Viviendas que disponen de acceso a Internet;2014;70,0
Rioja (La);Viviendas que disponen de acceso a Internet;2013;64,8
Rioja (La);Viviendas que disponen de acceso a Internet;2012;64,3
Rioja (La);Viviendas que disponen de acceso a Internet;2011;59,3
Rioja (La);Viviendas que disponen de acceso a Internet;2010;53,9
Rioja (La);Viviendas que disponen de acceso a Internet;2009;48,7
Rioja (La);Viviendas que disponen de acceso a Internet;2008;48,7
Rioja (La);Viviendas que disponen de acceso a Internet;2007;41,2
Rioja (La);Viviendas que disponen de acceso a Internet;2006;36,2
Rioja (La);Viviendas con conexión de Banda Ancha;2021;94,9
Rioja (La);Viviendas con conexión de Banda Ancha;2020;93,6
Rioja (La);Viviendas con conexión de Banda Ancha;2019;90,0
Rioja (La);Viviendas con conexión de Banda Ancha;2018;82,2
Rioja (La);Viviendas con conexión de Banda Ancha;2017;80,1
Rioja (La);Viviendas con conexión de Banda Ancha;2016;79,1
Rioja (La);Viviendas con conexión de Banda Ancha;2015;74,3
Rioja (La);Viviendas con conexión de Banda Ancha;2014;68,5
Rioja (La);Viviendas con conexión de Banda Ancha;2013;63,4
Rioja (La);Viviendas con conexión de Banda Ancha;2012;63,1
Rioja (La);Viviendas con conexión de Banda Ancha;2011;55,6
Rioja (La);Viviendas con conexión de Banda Ancha;2010;53,0
Rioja (La);Viviendas con conexión de Banda Ancha;2009;45,7
Rioja (La);Viviendas con conexión de Banda Ancha;2008;43,6
Rioja (La);Viviendas con conexión de Banda Ancha;2007;35,6
Rioja (La);Viviendas con conexión de Banda Ancha;2006;25,1
Rioja (La);Viviendas con  teléfono fijo;2021;66,8
Rioja (La);Viviendas con  teléfono fijo;2020;70,8
Rioja (La);Viviendas con  teléfono fijo;2019;75,1
Rioja (La);Viviendas con  teléfono fijo;2018;76,2
Rioja (La);Viviendas con  teléfono fijo;2017;78,1
Rioja (La);Viviendas con  teléfono fijo;2016;80,8
Rioja (La);Viviendas con  teléfono fijo;2015;79,2
Rioja (La);Viviendas con  teléfono fijo;2014;76,8
Rioja (La);Viviendas con  teléfono fijo;2013;73,5
Rioja (La);Viviendas con  teléfono fijo;2012;75,6
Rioja (La);Viviendas con  teléfono fijo;2011;74,9
Rioja (La);Viviendas con  teléfono fijo;2010;74,4
Rioja (La);Viviendas con  teléfono fijo;2009;78,5
Rioja (La);Viviendas con  teléfono fijo;2008;80,3
Rioja (La);Viviendas con  teléfono fijo;2007;82,6
Rioja (La);Viviendas con  teléfono fijo;2006;83,5
Rioja (La);Viviendas con  teléfono móvil;2021;98,8
Rioja (La);Viviendas con  teléfono móvil;2020;99,4
Rioja (La);Viviendas con  teléfono móvil;2019;97,5
Rioja (La);Viviendas con  teléfono móvil;2018;97,2
Rioja (La);Viviendas con  teléfono móvil;2017;97,4
Rioja (La);Viviendas con  teléfono móvil;2016;97,6
Rioja (La);Viviendas con  teléfono móvil;2015;96,9
Rioja (La);Viviendas con  teléfono móvil;2014;96,6
Rioja (La);Viviendas con  teléfono móvil;2013;96,9
Rioja (La);Viviendas con  teléfono móvil;2012;96,8
Rioja (La);Viviendas con  teléfono móvil;2011;96,2
Rioja (La);Viviendas con  teléfono móvil;2010;94,5
Rioja (La);Viviendas con  teléfono móvil;2009;91,0
Rioja (La);Viviendas con  teléfono móvil;2008;91,7
Rioja (La);Viviendas con  teléfono móvil;2007;85,6
Rioja (La);Viviendas con  teléfono móvil;2006;82,7
Ceuta;Viviendas con algún tipo de ordenador;2021;71,4
Ceuta;Viviendas con algún tipo de ordenador;2020;76,3
Ceuta;Viviendas con algún tipo de ordenador;2019;86,3
Ceuta;Viviendas con algún tipo de ordenador;2018;84,9
Ceuta;Viviendas con algún tipo de ordenador;2017;84,6
Ceuta;Viviendas con algún tipo de ordenador;2016;78,7
Ceuta;Viviendas con algún tipo de ordenador;2015;81,9
Ceuta;Viviendas con algún tipo de ordenador;2014;80,3
Ceuta;Viviendas con algún tipo de ordenador;2013;85,0
Ceuta;Viviendas con algún tipo de ordenador;2012;75,5
Ceuta;Viviendas con algún tipo de ordenador;2011;70,7
Ceuta;Viviendas con algún tipo de ordenador;2010;65,3
Ceuta;Viviendas con algún tipo de ordenador;2009;58,6
Ceuta;Viviendas con algún tipo de ordenador;2008;58,2
Ceuta;Viviendas con algún tipo de ordenador;2007;54,1
Ceuta;Viviendas con algún tipo de ordenador;2006;51,5
Ceuta;Viviendas que disponen de acceso a Internet;2021;92,5
Ceuta;Viviendas que disponen de acceso a Internet;2020;96,0
Ceuta;Viviendas que disponen de acceso a Internet;2019;91,7
Ceuta;Viviendas que disponen de acceso a Internet;2018;91,7
Ceuta;Viviendas que disponen de acceso a Internet;2017;88,4
Ceuta;Viviendas que disponen de acceso a Internet;2016;83,9
Ceuta;Viviendas que disponen de acceso a Internet;2015;82,2
Ceuta;Viviendas que disponen de acceso a Internet;2014;81,3
Ceuta;Viviendas que disponen de acceso a Internet;2013;81,4
Ceuta;Viviendas que disponen de acceso a Internet;2012;71,3
Ceuta;Viviendas que disponen de acceso a Internet;2011;67,9
Ceuta;Viviendas que disponen de acceso a Internet;2010;63,4
Ceuta;Viviendas que disponen de acceso a Internet;2009;47,9
Ceuta;Viviendas que disponen de acceso a Internet;2008;49,3
Ceuta;Viviendas que disponen de acceso a Internet;2007;45,9
Ceuta;Viviendas que disponen de acceso a Internet;2006;39,2
Ceuta;Viviendas con conexión de Banda Ancha;2021;92,5
Ceuta;Viviendas con conexión de Banda Ancha;2020;96,0
Ceuta;Viviendas con conexión de Banda Ancha;2019;91,7
Ceuta;Viviendas con conexión de Banda Ancha;2018;91,7
Ceuta;Viviendas con conexión de Banda Ancha;2017;88,4
Ceuta;Viviendas con conexión de Banda Ancha;2016;82,6
Ceuta;Viviendas con conexión de Banda Ancha;2015;80,2
Ceuta;Viviendas con conexión de Banda Ancha;2014;81,3
Ceuta;Viviendas con conexión de Banda Ancha;2013;81,4
Ceuta;Viviendas con conexión de Banda Ancha;2012;71,3
Ceuta;Viviendas con conexión de Banda Ancha;2011;65,2
Ceuta;Viviendas con conexión de Banda Ancha;2010;62,1
Ceuta;Viviendas con conexión de Banda Ancha;2009;46,7
Ceuta;Viviendas con conexión de Banda Ancha;2008;47,5
Ceuta;Viviendas con conexión de Banda Ancha;2007;44,0
Ceuta;Viviendas con conexión de Banda Ancha;2006;37,5
Ceuta;Viviendas con  teléfono fijo;2021;78,1
Ceuta;Viviendas con  teléfono fijo;2020;82,0
Ceuta;Viviendas con  teléfono fijo;2019;85,7
Ceuta;Viviendas con  teléfono fijo;2018;84,4
Ceuta;Viviendas con  teléfono fijo;2017;86,3
Ceuta;Viviendas con  teléfono fijo;2016;82,2
Ceuta;Viviendas con  teléfono fijo;2015;83,6
Ceuta;Viviendas con  teléfono fijo;2014;76,9
Ceuta;Viviendas con  teléfono fijo;2013;80,4
Ceuta;Viviendas con  teléfono fijo;2012;70,3
Ceuta;Viviendas con  teléfono fijo;2011;84,9
Ceuta;Viviendas con  teléfono fijo;2010;74,7
Ceuta;Viviendas con  teléfono fijo;2009;68,6
Ceuta;Viviendas con  teléfono fijo;2008;66,5
Ceuta;Viviendas con  teléfono fijo;2007;65,2
Ceuta;Viviendas con  teléfono fijo;2006;72,3
Ceuta;Viviendas con  teléfono móvil;2021;100,0
Ceuta;Viviendas con  teléfono móvil;2020;100,0
Ceuta;Viviendas con  teléfono móvil;2019;98,0
Ceuta;Viviendas con  teléfono móvil;2018;100,0
Ceuta;Viviendas con  teléfono móvil;2017;94,7
Ceuta;Viviendas con  teléfono móvil;2016;94,6
Ceuta;Viviendas con  teléfono móvil;2015;99,0
Ceuta;Viviendas con  teléfono móvil;2014;96,6
Ceuta;Viviendas con  teléfono móvil;2013;97,5
Ceuta;Viviendas con  teléfono móvil;2012;81,3
Ceuta;Viviendas con  teléfono móvil;2011;92,5
Ceuta;Viviendas con  teléfono móvil;2010;87,9
Ceuta;Viviendas con  teléfono móvil;2009;90,8
Ceuta;Viviendas con  teléfono móvil;2008;83,3
Ceuta;Viviendas con  teléfono móvil;2007;82,8
Ceuta;Viviendas con  teléfono móvil;2006;86,9
Melilla;Viviendas con algún tipo de ordenador;2021;89,5
Melilla;Viviendas con algún tipo de ordenador;2020;80,2
Melilla;Viviendas con algún tipo de ordenador;2019;82,2
Melilla;Viviendas con algún tipo de ordenador;2018;82,5
Melilla;Viviendas con algún tipo de ordenador;2017;82,7
Melilla;Viviendas con algún tipo de ordenador;2016;66,0
Melilla;Viviendas con algún tipo de ordenador;2015;69,5
Melilla;Viviendas con algún tipo de ordenador;2014;75,0
Melilla;Viviendas con algún tipo de ordenador;2013;65,3
Melilla;Viviendas con algún tipo de ordenador;2012;71,4
Melilla;Viviendas con algún tipo de ordenador;2011;80,0
Melilla;Viviendas con algún tipo de ordenador;2010;77,3
Melilla;Viviendas con algún tipo de ordenador;2009;67,7
Melilla;Viviendas con algún tipo de ordenador;2008;63,6
Melilla;Viviendas con algún tipo de ordenador;2007;60,9
Melilla;Viviendas con algún tipo de ordenador;2006;51,6
Melilla;Viviendas que disponen de acceso a Internet;2021;98,6
Melilla;Viviendas que disponen de acceso a Internet;2020;98,9
Melilla;Viviendas que disponen de acceso a Internet;2019;91,2
Melilla;Viviendas que disponen de acceso a Internet;2018;88,9
Melilla;Viviendas que disponen de acceso a Internet;2017;80,8
Melilla;Viviendas que disponen de acceso a Internet;2016;86,2
Melilla;Viviendas que disponen de acceso a Internet;2015;78,5
Melilla;Viviendas que disponen de acceso a Internet;2014;83,2
Melilla;Viviendas que disponen de acceso a Internet;2013;66,6
Melilla;Viviendas que disponen de acceso a Internet;2012;64,5
Melilla;Viviendas que disponen de acceso a Internet;2011;63,3
Melilla;Viviendas que disponen de acceso a Internet;2010;69,4
Melilla;Viviendas que disponen de acceso a Internet;2009;51,0
Melilla;Viviendas que disponen de acceso a Internet;2008;51,1
Melilla;Viviendas que disponen de acceso a Internet;2007;49,0
Melilla;Viviendas que disponen de acceso a Internet;2006;45,6
Melilla;Viviendas con conexión de Banda Ancha;2021;98,6
Melilla;Viviendas con conexión de Banda Ancha;2020;98,9
Melilla;Viviendas con conexión de Banda Ancha;2019;91,2
Melilla;Viviendas con conexión de Banda Ancha;2018;88,9
Melilla;Viviendas con conexión de Banda Ancha;2017;78,9
Melilla;Viviendas con conexión de Banda Ancha;2016;85,0
Melilla;Viviendas con conexión de Banda Ancha;2015;78,5
Melilla;Viviendas con conexión de Banda Ancha;2014;81,8
Melilla;Viviendas con conexión de Banda Ancha;2013;64,6
Melilla;Viviendas con conexión de Banda Ancha;2012;64,5
Melilla;Viviendas con conexión de Banda Ancha;2011;59,8
Melilla;Viviendas con conexión de Banda Ancha;2010;67,1
Melilla;Viviendas con conexión de Banda Ancha;2009;51,0
Melilla;Viviendas con conexión de Banda Ancha;2008;46,6
Melilla;Viviendas con conexión de Banda Ancha;2007;46,7
Melilla;Viviendas con conexión de Banda Ancha;2006;38,4
Melilla;Viviendas con  teléfono fijo;2021;62,8
Melilla;Viviendas con  teléfono fijo;2020;65,8
Melilla;Viviendas con  teléfono fijo;2019;73,3
Melilla;Viviendas con  teléfono fijo;2018;70,7
Melilla;Viviendas con  teléfono fijo;2017;74,1
Melilla;Viviendas con  teléfono fijo;2016;70,6
Melilla;Viviendas con  teléfono fijo;2015;65,2
Melilla;Viviendas con  teléfono fijo;2014;64,9
Melilla;Viviendas con  teléfono fijo;2013;60,6
Melilla;Viviendas con  teléfono fijo;2012;70,5
Melilla;Viviendas con  teléfono fijo;2011;65,9
Melilla;Viviendas con  teléfono fijo;2010;71,0
Melilla;Viviendas con  teléfono fijo;2009;67,1
Melilla;Viviendas con  teléfono fijo;2008;71,0
Melilla;Viviendas con  teléfono fijo;2007;72,0
Melilla;Viviendas con  teléfono fijo;2006;72,3
Melilla;Viviendas con  teléfono móvil;2021;100,0
Melilla;Viviendas con  teléfono móvil;2020;100,0
Melilla;Viviendas con  teléfono móvil;2019;100,0
Melilla;Viviendas con  teléfono móvil;2018;98,2
Melilla;Viviendas con  teléfono móvil;2017;98,1
Melilla;Viviendas con  teléfono móvil;2016;96,5
Melilla;Viviendas con  teléfono móvil;2015;97,5
Melilla;Viviendas con  teléfono móvil;2014;100,0
Melilla;Viviendas con  teléfono móvil;2013;97,3
Melilla;Viviendas con  teléfono móvil;2012;91,0
Melilla;Viviendas con  teléfono móvil;2011;100,0
Melilla;Viviendas con  teléfono móvil;2010;90,5
Melilla;Viviendas con  teléfono móvil;2009;96,8
Melilla;Viviendas con  teléfono móvil;2008;93,5
Melilla;Viviendas con  teléfono móvil;2007;92,6
Melilla;Viviendas con  teléfono móvil;2006;84,4
